-- phpMyAdmin SQL Dump
-- version 4.6.4
-- https://www.phpmyadmin.net/
--
-- Host: 127.0.0.1
-- Generation Time: 25-Jul-2017 às 17:24
-- Versão do servidor: 5.7.14
-- PHP Version: 5.6.25

SET SQL_MODE = "NO_AUTO_VALUE_ON_ZERO";
SET time_zone = "+00:00";


/*!40101 SET @OLD_CHARACTER_SET_CLIENT=@@CHARACTER_SET_CLIENT */;
/*!40101 SET @OLD_CHARACTER_SET_RESULTS=@@CHARACTER_SET_RESULTS */;
/*!40101 SET @OLD_COLLATION_CONNECTION=@@COLLATION_CONNECTION */;
/*!40101 SET NAMES utf8mb4 */;

--
-- Database: `meu_painel`
--

-- --------------------------------------------------------

--
-- Estrutura da tabela `blocos`
--

CREATE TABLE `blocos` (
  `id` int(11) NOT NULL,
  `nome` varchar(200) COLLATE utf8_unicode_ci NOT NULL,
  `nome_view` int(11) NOT NULL DEFAULT '0',
  `conteudo` longtext COLLATE utf8_unicode_ci NOT NULL,
  `tipo` varchar(5) COLLATE utf8_unicode_ci NOT NULL,
  `lado` int(11) NOT NULL DEFAULT '0',
  `status` int(11) NOT NULL DEFAULT '0',
  `ordem` int(11) NOT NULL DEFAULT '0'
) ENGINE=MyISAM DEFAULT CHARSET=utf8 COLLATE=utf8_unicode_ci;

--
-- Extraindo dados da tabela `blocos`
--

INSERT INTO `blocos` (`id`, `nome`, `nome_view`, `conteudo`, `tipo`, `lado`, `status`, `ordem`) VALUES
(11, 'Nome 01', 0, '&#60;p&#62;&#60;img src=&#34;../../assets/img/banner_lateral.png&#34; width=&#34;100%&#34; /&#62;&#60;/p&#62;', 'cod', 1, 1, 2),
(1, 'Categorias', 1, '', 'cat', 1, 1, 5),
(2, 'Todas as Paginas', 1, '', 'pag', 0, 1, 5),
(6, 'Nome 04', 1, '&#60;p&#62;&#60;img src=&#34;../../assets/img/banner_lateral.png&#34; width=&#34;100%&#34; /&#62;&#60;/p&#62;', 'cod', 0, 1, 3),
(7, 'Nome 05', 0, '&#60;p&#62;&#60;img src=&#34;../../assets/img/banner_lateral.png&#34; width=&#34;100%&#34; /&#62;&#60;/p&#62;', 'cod', 0, 1, 4),
(8, 'Nome 02', 0, '&#60;p&#62;&#60;img src=&#34;../../assets/img/banner_lateral.png&#34; width=&#34;100%&#34; /&#62;&#60;/p&#62;', 'cod', 1, 1, 3),
(9, 'Nome 03', 0, '&#60;p&#62;&#60;img src=&#34;../../assets/img/banner_lateral.png&#34; width=&#34;100%&#34; /&#62;&#60;/p&#62;', 'cod', 1, 1, 4),
(3, 'Sub-Paginas', 1, '', 'sub', 0, 1, 1),
(12, 'novo', 1, '&#60;p&#62;O trecho padr&#38;atilde;o original de Lorem Ipsum, usado desde o s&#38;eacute;culo XVI, est&#38;aacute; reproduzido abaixo para os interessados. Se&#38;ccedil;&#38;otilde;es 1.10.32 e 1.10.33 de &#34;de Finibus Bonorum et Malorum&#34; de Cicero tamb&#38;eacute;m foram reproduzidas abaixo em sua forma exata original, acompanhada das vers&#38;otilde;es para o ingl&#38;ecirc;s da tradu&#38;ccedil;&#38;atilde;o feita por H. Rackham em 1914.&#60;/p&#62;', 'txt', 0, 1, 2),
(14, 'Publicidades', 1, '', 'txt', 1, 1, 1);

-- --------------------------------------------------------

--
-- Estrutura da tabela `categorias`
--

CREATE TABLE `categorias` (
  `id` int(11) NOT NULL,
  `nome` varchar(200) COLLATE utf8_unicode_ci NOT NULL,
  `nome_url` varchar(200) COLLATE utf8_unicode_ci NOT NULL,
  `parente` int(11) NOT NULL
) ENGINE=MyISAM DEFAULT CHARSET=utf8 COLLATE=utf8_unicode_ci;

--
-- Extraindo dados da tabela `categorias`
--

INSERT INTO `categorias` (`id`, `nome`, `nome_url`, `parente`) VALUES
(1, 'CSS', 'css', 2),
(2, 'Programação', 'programacao', 0),
(3, 'Internet', 'internet', 0),
(4, 'Redes', 'redes', 3),
(5, 'PHP', 'php', 2),
(6, 'HTML', 'html', 2),
(7, 'Funções de PHP', 'funcoes-de-php', 5),
(8, 'E-Sports', 'e-sports', 0),
(9, 'League of Legends', 'league-of-legends', 8),
(11, 'Campeões', 'campeoes', 9),
(12, 'Tutorial de Funções', 'tutorial-de-funcoes', 7);

-- --------------------------------------------------------

--
-- Estrutura da tabela `conteudo`
--

CREATE TABLE `conteudo` (
  `id` int(11) NOT NULL,
  `titulo` varchar(200) COLLATE utf8_unicode_ci NOT NULL,
  `titulo_url` varchar(200) COLLATE utf8_unicode_ci NOT NULL,
  `texto` longtext COLLATE utf8_unicode_ci NOT NULL,
  `fontes` text COLLATE utf8_unicode_ci NOT NULL,
  `categoria` varchar(200) COLLATE utf8_unicode_ci NOT NULL,
  `categoria_url` varchar(255) COLLATE utf8_unicode_ci NOT NULL,
  `autor` varchar(255) COLLATE utf8_unicode_ci NOT NULL,
  `imagem` varchar(200) COLLATE utf8_unicode_ci NOT NULL,
  `galeria_id` int(11) NOT NULL DEFAULT '0',
  `data` varchar(20) COLLATE utf8_unicode_ci NOT NULL,
  `data_mod` varchar(20) COLLATE utf8_unicode_ci NOT NULL,
  `status` int(11) NOT NULL,
  `rascunho` int(11) NOT NULL
) ENGINE=InnoDB DEFAULT CHARSET=utf8 COLLATE=utf8_unicode_ci;

--
-- Extraindo dados da tabela `conteudo`
--

INSERT INTO `conteudo` (`id`, `titulo`, `titulo_url`, `texto`, `fontes`, `categoria`, `categoria_url`, `autor`, `imagem`, `galeria_id`, `data`, `data_mod`, `status`, `rascunho`) VALUES
(1, 'Lorem ipsum dolor sit', 'lorem-ipsum-dolor-sit', 'Lorem ipsum dolor sit amet, consectetur adipiscing elit. Curabitur tincidunt massa eget odio accumsan, non congue tortor fermentum. Nunc risus sem, placerat in egestas ut, ullamcorper vitae dolor.', '', 'Redes', 'redes', '8', '', 0, '05/01/2016', '09/05/2016', 1, 0),
(2, 'Quisque non arcu', 'quisque-non-arcu', 'Quisque non arcu ut diam vestibulum venenatis. Donec vehicula orci vitae nunc lacinia sit amet tincidunt tortor dapibus. Aliquam erat volutpat. Sed gravida sem eget massa fringilla posuere. Nulla ac leo at enim elementum convallis non vitae neque. Nulla sit amet felis erat, in euismod erat.', '', 'CSS', 'css', '1', '', 0, '06/01/2016', '09/05/2016', 1, 0),
(3, 'Nullam sed turpis', 'nullam-sed-turpis', 'Nullam sed turpis vel risus dapibus convallis. Nulla porta volutpat felis eget interdum. Mauris vehicula, elit tempus consequat auctor, tellus odio pretium neque, eu congue erat nulla ut elit. Praesent non enim massa, ac aliquet metus.', '', 'Programação', 'programacao', '1', '', 0, '07/01/2016', '09/05/2016', 1, 0),
(4, 'Luctus a Sapien', 'luctus-a-sapien', '<p>Fusce tristique dui et tellus tincidunt vehicula. Quisque pretium dignissim gravida. Nulla blandit luctus aliquam. Morbi velit risus, vestibulum nec condimentum vestibulum, convallis a risus. Aliquam dignissim vestibulum ligula, vel elementum augue imperdiet nec. Nunc dignissim, mauris vitae bibendum facilisis, metus elit varius sem, ac commodo tellus nunc vel turpis. Suspendisse sit amet quam libero. Nulla viverra sapien et quam dignissim et mollis diam congue. Vestibulum dictum leo id lectus elementum varius. Nam ligula felis, laoreet ut auctor sed, facilisis in massa. Ut ut nisi at libero rhoncus adipiscing. Nullam lacus ipsum, facilisis vel congue eu, . Pellentesque elementum tincidunt mi in ornare. Cras dignissim semper faucibus. Nunc vitae lectus enim, in euismod tortor.</p>', '', 'PHP', 'php', '1', '', 0, '08/01/2016', '11/07/2016', 1, 0),
(5, 'Novo Cliente de League of Legends', 'novo-cliente-de-league-of-legends', '&#60;p&#62;Lorem ipsum dolor sit amet, consectetur adipiscing elit. Sed hendrerit libero ac lectus bibendum aliquam. Curabitur lacinia ullamcorper maximus. Donec et hendrerit augue. Nullam vitae mauris eu ipsum gravida cursus. Nulla a efficitur est. Pellentesque habitant morbi tristique senectus et netus et malesuada fames ac turpis egestas. Sed imperdiet congue lacus, non cursus urna. Proin ullamcorper enim at iaculis tempus. Etiam vitae euismod turpis, vel dictum augue. Nunc congue, felis nec ornare laoreet, ipsum diam tincidunt dui, ut dignissim nunc erat non eros. Cras tristique commodo nunc non commodo.&#60;/p&#62;&#13;&#10;&#60;p&#62;Integer ut scelerisque leo, eu tincidunt magna. Nullam ut ante cursus, volutpat ipsum eget, pellentesque dolor. Sed aliquam pretium urna nec tempor. Sed sed faucibus est. Cras viverra fringilla est, sed volutpat nulla congue in. Cras suscipit nulla eros, convallis sollicitudin enim sollicitudin vitae. Etiam semper rutrum molestie. Fusce ornare dolor sit amet nunc faucibus eleifend eu sed enim. Nullam pulvinar augue lectus, at tempor neque dignissim id. Sed pulvinar venenatis mi, sed convallis lectus semper nec. Nunc ac diam massa. Vivamus aliquet luctus pharetra. Proin congue viverra nunc, et consectetur magna elementum a. Sed sit amet tellus nisl. Mauris vehicula purus imperdiet velit volutpat vehicula.&#60;/p&#62;&#13;&#10;&#60;p&#62;Donec volutpat vehicula tellus. Nulla facilisi. Nullam et ex non ex pretium consectetur. Morbi eget ipsum sit amet justo mattis vestibulum ut dapibus sapien. Aliquam sagittis risus ligula, nec ultricies magna lacinia sit amet. Aliquam auctor nibh a ipsum molestie pulvinar. Integer fermentum ullamcorper egestas. Etiam euismod, orci et venenatis tempor, elit diam sollicitudin mauris, at ultricies sem nisl lacinia nunc.&#60;/p&#62;&#13;&#10;&#60;p&#62;Sed tristique nisl ex. In sed elementum nulla, nec consectetur est. Donec rhoncus nibh mi, ac elementum ex euismod nec. Vestibulum in augue ac purus pulvinar aliquam ut sit amet enim. Sed rutrum leo erat, eget luctus ipsum pulvinar nec. Nam viverra faucibus ultrices. Curabitur elementum congue risus. Nullam at laoreet leo, quis congue elit. Quisque volutpat purus tortor, vitae elementum enim auctor sed. Aliquam mattis, risus non porttitor lobortis, lorem lacus sodales est, in maximus felis felis ac justo. Aliquam porttitor neque facilisis pellentesque sodales. Proin eu lectus in dolor finibus convallis in non felis. Nam tristique laoreet dui, nec facilisis lorem tempor id. Donec lacinia ante eu sodales egestas. In blandit volutpat ex nec faucibus.&#60;/p&#62;&#13;&#10;&#60;p&#62;Nulla libero libero, finibus vitae rhoncus at, tempus eget nibh. Pellentesque dui augue, posuere ut accumsan non, consectetur a purus. Interdum et malesuada fames ac ante ipsum primis in faucibus. Quisque malesuada malesuada felis, eu aliquet massa iaculis ac. Cras tincidunt, nunc a pellentesque blandit, felis ex tincidunt eros, fermentum suscipit lorem dui id felis. Etiam vel vulputate libero. Fusce eget turpis nisl.&#60;/p&#62;', '', 'HTML', 'html', '1', '3a8991c9c87c32e04f1221ae87983dd6.png', 0, '03/08/2016', '08/10/2016', 1, 0),
(6, 'Euismod Tortor', 'euismod-tortor', '<p>Fusce tristique dui et tellus tincidunt vehicula. Quisque pretium dignissim gravida. Nulla blandit luctus aliquam. , vestibulum nec condimentum vestibulum, convallis a risus. Aliquam dignissim vestibulum ligula, vel elementum augue imperdiet nec. Nunc dignissim, mauris vitae bibendum facilisis, metus elit varius sem, ac commodo tellus nunc vel turpis. Suspendisse sit amet quam libero. Nulla viverra sapien et quam dignissim et mollis diam congue. Vestibulum dictum leo id lectus elementum varius. Nam ligula felis, laoreet ut auctor sed, facilisis in massa. Ut ut nisi at libero rhoncus adipiscing. Nullam lacus ipsum, facilisis vel congue eu, . Pellentesque elementum tincidunt mi in ornare. Cras dignissim semper faucibus. Nunc vitae lectus enim, in euismod tortor.</p>', '', 'Internet', 'internet', '2', '', 0, '08/01/2016', '11/07/2016', 1, 0),
(7, 'LOREM Ipsum', 'lorem-ipsum', 'Nullam condimentum nulla sed dolor facilisis, sit amet dignissim mi accumsan. Pellentesque habitant morbi tristique senectus et netus et malesuada fames ac turpis egestas. Integer quis libero risus. Proin lacinia cursus ipsum, sit amet fringilla leo viverra aliquet. Nunc varius gravida leo vel laoreet. Suspendisse ac iaculis risus. Aliquam eu purus fringilla, egestas urna non, maximus ipsum. Etiam ac ultricies massa. Lorem ipsum dolor sit amet, consectetur adipiscing elit. Curabitur nec aliquam augue. In hac habitasse platea dictumst. Aliquam ultricies placerat ligula, eu egestas augue euismod a. Sed fermentum eros vel posuere aliquam.\r\n\r\nAliquam metus lacus, sagittis sit amet sagittis sagittis, tincidunt at turpis. Nulla sed lacinia lorem. Cras vehicula ultricies vestibulum. Donec eleifend tristique felis, et aliquet quam tincidunt vitae. Nulla arcu dolor, facilisis sit amet scelerisque vel, imperdiet ultrices dui. Maecenas ultrices ipsum vel leo pretium, sed ornare arcu ultrices. Vivamus a sagittis sem.\r\n\r\nNunc laoreet vehicula dui, non gravida erat aliquet quis. Sed magna dolor, gravida quis leo eget, ullamcorper tincidunt mauris. In laoreet diam non mauris placerat, non auctor odio aliquet. Integer at velit odio. Quisque vulputate sit amet purus sed commodo. Duis ac lectus in neque molestie pellentesque at posuere ante. Quisque hendrerit nisl ac turpis tristique ullamcorper. Suspendisse ut mauris diam. Suspendisse dictum turpis magna, et convallis libero iaculis ut. Morbi malesuada eget libero at convallis. Aliquam dictum aliquam lacinia. Nunc eget sem orci. Fusce varius viverra felis, quis maximus tellus efficitur sed. Phasellus ac consequat nisi, vel convallis risus.\r\n\r\nSuspendisse et tempor nisl. Duis vestibulum nunc at felis blandit posuere. Sed justo augue, suscipit eget diam vel, sodales rutrum turpis. Nulla libero est, hendrerit suscipit quam vitae, consectetur pretium turpis. Proin faucibus quis elit sit amet sollicitudin. Pellentesque facilisis efficitur purus, et malesuada nunc porttitor a. Donec nec suscipit justo. Nulla blandit gravida nibh, sit amet porttitor justo dignissim feugiat.\r\n\r\nFusce sed vestibulum ex, laoreet pulvinar purus. Fusce efficitur nisi maximus tortor tempor, at aliquam velit ornare. Sed id nisl odio. In erat tellus, mollis ut tincidunt nec, pulvinar a tortor. Curabitur rhoncus erat justo, ut varius purus congue in. Integer eleifend nibh orci, et tempor diam eleifend at. Cras eleifend, sem in luctus lobortis, ipsum nisl vestibulum elit, eu consequat purus odio eget nunc. Vestibulum ante ipsum primis in faucibus orci luctus et ultrices posuere cubilia Curae; Etiam semper augue quis molestie eleifend. Proin lacinia purus massa, tincidunt imperdiet purus ullamcorper ac. Cras eros diam, accumsan nec pharetra quis, molestie sed nisl. Fusce magna dolor, malesuada id nibh vel, egestas iaculis sapien. Nunc scelerisque metus et convallis hendrerit. Morbi porta in arcu nec dictum. Cras dictum enim ipsum, pellentesque volutpat risus sollicitudin vitae. Nulla imperdiet diam ac mattis varius.', '', 'HTML', 'html', '1', '', 0, '03/08/2016', '', 1, 0),
(8, 'Aliquam erat volutpat', 'aliquam-erat-volutpat', 'Quisque non arcu ut diam vestibulum venenatis. Donec vehicula orci vitae nunc lacinia sit amet tincidunt tortor dapibus. Aliquam erat volutpat. Sed gravida sem eget massa fringilla posuere. Nulla ac leo at enim elementum convallis non vitae neque. Nulla sit amet felis erat, in euismod erat.', '', 'CSS', 'css', '2', '', 0, '06/01/2016', '09/05/2016', 1, 0),
(9, 'Linking to an External Page', 'linking-to-an-external-page', '&#60;p&#62;By default, Materialize tabs will ignore their default anchor behaviour. To force a tab to behave as a regular hyperlink, just specify the&#60;code class=&#34; language-markup&#34;&#62;target&#60;/code&#62; property of that link! A list of &#60;code class=&#34; language-markup&#34;&#62;target&#60;/code&#62; values may be &#60;a href=&#34;http://www.w3schools.com/tags/att_a_target.asp&#34;&#62;found here&#60;/a&#62;.&#60;/p&#62;&#13;&#10;&#60;p&#62;Lorem ipsum dolor sit amet, consectetur adipiscing elit. Sed hendrerit libero ac lectus bibendum aliquam. Curabitur lacinia ullamcorper maximus. Donec et hendrerit augue. Nullam vitae mauris eu ipsum gravida cursus. Nulla a efficitur est. Pellentesque habitant morbi tristique senectus et netus et malesuada fames ac turpis egestas. Sed imperdiet congue lacus, non cursus urna. Proin ullamcorper enim at iaculis tempus. Etiam vitae euismod turpis, vel dictum augue. Nunc congue, felis nec ornare laoreet, ipsum diam tincidunt dui, ut dignissim nunc erat non eros. Cras tristique commodo nunc non commodo.&#60;/p&#62;&#13;&#10;&#60;p&#62;Sed tristique nisl ex. In sed elementum nulla, nec consectetur est. Donec rhoncus nibh mi, ac elementum ex euismod nec. Vestibulum in augue ac purus pulvinar aliquam ut sit amet enim. Sed rutrum leo erat, eget luctus ipsum pulvinar nec. Nam viverra faucibus ultrices. Curabitur elementum congue risus. Nullam at laoreet leo, quis congue elit. Quisque volutpat purus tortor, vitae elementum enim auctor sed. Aliquam mattis, risus non porttitor lobortis, lorem lacus sodales est, in maximus felis felis ac justo. Aliquam porttitor neque facilisis pellentesque sodales. Proin eu lectus in dolor finibus convallis in non felis. Nam tristique laoreet dui, nec facilisis lorem tempor id. Donec lacinia ante eu sodales egestas. In blandit volutpat ex nec faucibus.&#60;/p&#62;&#13;&#10;&#60;p&#62;Nulla libero libero, finibus vitae rhoncus at, tempus eget nibh. Pellentesque dui augue, posuere ut accumsan non, consectetur a purus. Interdum et malesuada fames ac ante ipsum primis in faucibus. Quisque malesuada malesuada felis, eu aliquet massa iaculis ac. Cras tincidunt, nunc a pellentesque blandit, felis ex tincidunt eros, fermentum suscipit lorem dui id felis. Etiam vel vulputate libero. Fusce eget turpis nisl.&#60;/p&#62;', '', 'PHP', 'php', '1', 'b652ba67d900009c7e32711c64f5f4b3.jpg', 0, '15/01/2016', '08/10/2016', 1, 0),
(10, 'teste de imagem 2', 'teste-de-imagem-2', '&#60;p&#62;Lorem ipsum dolor sit amet, consectetur adipiscing elit. Curabitur tincidunt massa eget odio accumsan, non congue tortor fermentum. Nunc risus sem, placerat in egestas ut, ullamcorper vitae dolor.&#60;/p&#62;', '', 'HTML', 'html', '2', '40f5f38c2223046442455b85e112a3fe.jpg', 0, '15/01/2016', '16/09/2016', 1, 0),
(11, 'teste de imagem 3', 'teste-de-imagem-3', '&#60;p&#62;Lorem ipsum dolor sit amet, consectetur adipiscing elit. Curabitur tincidunt massa eget odio accumsan, non congue tortor fermentum. Nunc risus sem, placerat in egestas ut, ullamcorper vitae dolor.&#60;/p&#62;', '', 'Funções', 'funcoes-de-php', '1', 'ed55d5148784b7463d0d7a73b264e344.jpg', 0, '15/01/2016', '16/09/2016', 1, 0),
(12, 'Material is the metaphor', 'material-is-the-metaphor', '&#60;p style=&#34;text-align: justify;&#34;&#62;The metaphor of material defines the relationship between space and motion. The idea is that the technology is inspired by paper and ink and is utilized to facilitate creativity and innovation. Surfaces and edges provide familiar visual cues that allow users to quickly understand the technology beyond the physical world.&#60;/p&#62;&#13;&#10;&#60;p style=&#34;text-align: justify;&#34;&#62;Integer ut scelerisque leo, eu tincidunt magna. Nullam ut ante cursus, volutpat ipsum eget, pellentesque dolor. Sed aliquam pretium urna nec tempor. Sed sed faucibus est. Cras viverra fringilla est, sed volutpat nulla congue in. Cras suscipit nulla eros, convallis sollicitudin enim sollicitudin vitae. Etiam semper rutrum molestie. Fusce ornare dolor sit amet nunc faucibus eleifend eu sed enim. Nullam pulvinar augue lectus, at tempor neque dignissim id. Sed pulvinar venenatis mi, sed convallis lectus semper nec. Nunc ac diam massa. Vivamus aliquet luctus pharetra. Proin congue viverra nunc, et consectetur magna elementum a. Sed sit amet tellus nisl. Mauris vehicula purus imperdiet velit volutpat vehicula.&#60;/p&#62;&#13;&#10;&#60;p style=&#34;text-align: justify;&#34;&#62;Donec volutpat vehicula tellus. Nulla facilisi. Nullam et ex non ex pretium consectetur. Morbi eget ipsum sit amet justo mattis vestibulum ut dapibus sapien. Aliquam sagittis risus ligula, nec ultricies magna lacinia sit amet. Aliquam auctor nibh a ipsum molestie pulvinar. Integer fermentum ullamcorper egestas. Etiam euismod, orci et venenatis tempor, elit diam sollicitudin mauris, at ultricies sem nisl lacinia nunc.&#60;/p&#62;&#13;&#10;&#60;p style=&#34;text-align: justify;&#34;&#62;Sed tristique nisl ex. In sed elementum nulla, nec consectetur est. Donec rhoncus nibh mi, ac elementum ex euismod nec. Vestibulum in augue ac purus pulvinar aliquam ut sit amet enim. Sed rutrum leo erat, eget luctus ipsum pulvinar nec. Nam viverra faucibus ultrices. Curabitur elementum congue risus. Nullam at laoreet leo, quis congue elit. Quisque volutpat purus tortor, vitae elementum enim auctor sed. Aliquam mattis, risus non porttitor lobortis, lorem lacus sodales est, in maximus felis felis ac justo. Aliquam porttitor neque facilisis pellentesque sodales. Proin eu lectus in dolor finibus convallis in non felis. Nam tristique laoreet dui, nec facilisis lorem tempor id. Donec lacinia ante eu sodales egestas. In blandit volutpat ex nec faucibus.&#60;/p&#62;&#13;&#10;&#60;p style=&#34;text-align: justify;&#34;&#62;Nulla libero libero, finibus vitae rhoncus at, tempus eget nibh. Pellentesque dui augue, posuere ut accumsan non, consectetur a purus. Interdum et malesuada fames ac ante ipsum primis in faucibus. Quisque malesuada malesuada felis, eu aliquet massa iaculis ac. Cras tincidunt, nunc a pellentesque blandit, felis ex tincidunt eros, fermentum suscipit lorem dui id felis. Etiam vel vulputate libero. Fusce eget turpis nisl.&#60;/p&#62;', '', 'Redes', 'redes', '1', 'e28744b3b1a88427f43cb16283b7a278.jpg', 1, '15/01/2016', '16/10/2016 13:17:16', 1, 0),
(13, 'Testando Remover Imagem e o Tamanho do Titlulo', 'testando-remover-imagem-e-o-tamanho-do-titlulo', '&#60;p style=&#34;text-align: justify;&#34;&#62;Aenean elementum in odio a dictum. Integer et nulla vel dolor rutrum tincidunt nec congue urna. Nulla facilisi. Proin velit ipsum, ultrices in est non, lacinia blandit mi. Nullam dui nisi, tincidunt id pulvinar et, iaculis in massa. Aliquam vel diam sed lacus bibendum aliquam. Fusce malesuada ornare luctus. Morbi iaculis tellus ut quam interdum, sed cursus ligula efficitur. Curabitur ex ex, laoreet quis nibh in, iaculis elementum augue. Donec eget dapibus eros. Integer commodo tincidunt tincidunt. Etiam gravida lacus sit amet vehicula elementum. Praesent sit amet lacus lobortis, aliquet sapien sed, feugiat mauris. Sed pellentesque eu lacus id semper. Donec laoreet blandit rutrum.&#60;br /&#62;Aenean tempus accumsan libero eu laoreet. Aliquam semper, ante in rhoncus pretium, urna dolor mattis lorem, ac ultrices ipsum sem non lacus. Donec id ex nec dui dignissim ultrices. Fusce elementum orci ac nisl viverra venenatis dictum ut diam. Sed sed urna ac purus fringilla elementum. Duis nec ligula eu ante congue laoreet imperdiet nec tortor. Vivamus metus arcu, laoreet sed tortor sed, efficitur tempor purus. Mauris sit amet sem rhoncus, laoreet nisi et, rhoncus justo. Pellentesque tempor elementum turpis, sed blandit mi egestas eget. Donec sodales justo at suscipit pulvinar. Vestibulum vitae mi tellus. Proin ullamcorper commodo tellus, nec ornare lorem malesuada at.&#60;br /&#62;Nullam lobortis augue et porta cursus. Integer orci est, ornare et augue nec, pellentesque blandit velit. Quisque lorem dui, venenatis eu sem convallis, tempor ullamcorper purus. Praesent efficitur justo non rhoncus aliquam. Praesent in dolor sed tortor dignissim interdum non vel justo. Proin condimentum fermentum finibus. Sed ultrices non nunc quis cursus. Interdum et malesuada fames ac ante ipsum primis in faucibus. Vestibulum porta erat nec arcu tempus, a rhoncus felis vehicula. Curabitur ut leo bibendum, semper ex quis, consequat felis. Sed et pulvinar sem. Aliquam vestibulum fermentum nulla non mollis. Donec pulvinar dolor ac quam volutpat, quis consequat purus finibus. Vestibulum nec pellentesque purus, eu pellentesque arcu. Fusce sagittis ullamcorper felis et rutrum.&#60;br /&#62;Cras finibus arcu non leo auctor, vitae posuere orci semper. Ut semper arcu et consequat mattis. Fusce ullamcorper ex at ex posuere hendrerit. Aliquam ac mauris in lacus rhoncus consectetur. Nullam vel rhoncus purus, ut finibus augue. Lorem ipsum dolor sit amet, consectetur adipiscing elit. Aliquam id scelerisque arcu. Aliquam consectetur leo in lacus porta rutrum. Etiam et fermentum justo. Nunc aliquam ultrices commodo. Curabitur et nibh velit. Aenean a ante nunc. Sed et ullamcorper neque. Vivamus sodales porttitor lacinia. Nunc quis faucibus augue, a imperdiet lorem. Duis ut justo quis mi aliquam hendrerit placerat non lorem.&#60;br /&#62;Vestibulum efficitur orci at vulputate mattis. Nam commodo odio ac nunc volutpat fermentum. Curabitur consequat urna nec leo pretium viverra. Pellentesque consequat nunc et massa laoreet efficitur. Phasellus vel eleifend magna, sit amet porta lacus. Praesent arcu elit, consectetur in nibh id, tristique gravida augue. In maximus venenatis molestie. Donec ut justo quis erat rutrum luctus. Vestibulum imperdiet magna nec malesuada ultrices. In non vestibulum diam. Donec fringilla lorem sed arcu scelerisque pulvinar. Vivamus vitae fringilla turpis, eget pharetra justo.&#60;/p&#62;', '', 'Internet', 'internet', '2', 'ae1e746e7bfd42c993c2ac2886e3b7f8.jpg', 0, '02/08/2016', '10/10/2016 17:18:46', 1, 0),
(25, 'Testando Adicionar Imagem.', 'testando-adicionar-imagem', '&#60;p&#62;Lorem ipsum dolor sit amet, consectetur adipiscing elit. Sed hendrerit libero ac lectus bibendum aliquam. Curabitur lacinia ullamcorper maximus. Donec et hendrerit augue. Nullam vitae mauris eu ipsum gravida cursus. Nulla a efficitur est. Pellentesque habitant morbi tristique senectus et netus et malesuada fames ac turpis egestas. Sed imperdiet congue lacus, non cursus urna. Proin ullamcorper enim at iaculis tempus. Etiam vitae euismod turpis, vel dictum augue. Nunc congue, felis nec ornare laoreet, ipsum diam tincidunt dui, ut dignissim nunc erat non eros. Cras tristique commodo nunc non commodo.&#60;/p&#62;&#13;&#10;&#60;p&#62;Integer ut scelerisque leo, eu tincidunt magna. Nullam ut ante cursus, volutpat ipsum eget, pellentesque dolor. Sed aliquam pretium urna nec tempor. Sed sed faucibus est. Cras viverra fringilla est, sed volutpat nulla congue in. Cras suscipit nulla eros, convallis sollicitudin enim sollicitudin vitae. Etiam semper rutrum molestie. Fusce ornare dolor sit amet nunc faucibus eleifend eu sed enim. Nullam pulvinar augue lectus, at tempor neque dignissim id. Sed pulvinar venenatis mi, sed convallis lectus semper nec. Nunc ac diam massa. Vivamus aliquet luctus pharetra. Proin congue viverra nunc, et consectetur magna elementum a. Sed sit amet tellus nisl. Mauris vehicula purus imperdiet velit volutpat vehicula.&#60;/p&#62;&#13;&#10;&#60;p&#62;Donec volutpat vehicula tellus. Nulla facilisi. Nullam et ex non ex pretium consectetur. Morbi eget ipsum sit amet justo mattis vestibulum ut dapibus sapien. Aliquam sagittis risus ligula, nec ultricies magna lacinia sit amet. Aliquam auctor nibh a ipsum molestie pulvinar. Integer fermentum ullamcorper egestas. Etiam euismod, orci et venenatis tempor, elit diam sollicitudin mauris, at ultricies sem nisl lacinia nunc.&#60;/p&#62;&#13;&#10;&#60;p&#62;Sed tristique nisl ex. In sed elementum nulla, nec consectetur est. Donec rhoncus nibh mi, ac elementum ex euismod nec. Vestibulum in augue ac purus pulvinar aliquam ut sit amet enim. Sed rutrum leo erat, eget luctus ipsum pulvinar nec. Nam viverra faucibus ultrices. Curabitur elementum congue risus. Nullam at laoreet leo, quis congue elit. Quisque volutpat purus tortor, vitae elementum enim auctor sed. Aliquam mattis, risus non porttitor lobortis, lorem lacus sodales est, in maximus felis felis ac justo. Aliquam porttitor neque facilisis pellentesque sodales. Proin eu lectus in dolor finibus convallis in non felis. Nam tristique laoreet dui, nec facilisis lorem tempor id. Donec lacinia ante eu sodales egestas. In blandit volutpat ex nec faucibus.&#60;/p&#62;&#13;&#10;&#60;p&#62;Nulla libero libero, finibus vitae rhoncus at, tempus eget nibh. Pellentesque dui augue, posuere ut accumsan non, consectetur a purus. Interdum et malesuada fames ac ante ipsum primis in faucibus. Quisque malesuada malesuada felis, eu aliquet massa iaculis ac. Cras tincidunt, nunc a pellentesque blandit, felis ex tincidunt eros, fermentum suscipit lorem dui id felis. Etiam vel vulputate libero. Fusce eget turpis nisl.&#60;/p&#62;', '', 'Internet', 'internet', '2', 'afc6a1710823697d942fc52f617c15e6.jpg', 0, '03/08/2016', '', 1, 0),
(27, 'Postagem do Usuários', 'postagem-do-usuarios', '<p>Testando postar com usu&aacute;rios...</p>', '', '', '', '2', '', 0, '12/10/2016 03:48:20', '', 1, 0),
(28, 'Nova Postagem de Usuário', 'nova-postagem-de-usuario', '&#60;p&#62;Lorem ipsum dolor sit amet, consectetur adipiscing elit. Curabitur tincidunt massa eget odio accumsan, non congue tortor fermentum. Nunc risus sem, placerat in egestas ut, ullamcorper vitae dolor.&#60;/p&#62;', '', '', '', '2', '', 0, '12/10/2016 03:50:35', '12/10/2016 15:28:15', 1, 1);
INSERT INTO `conteudo` (`id`, `titulo`, `titulo_url`, `texto`, `fontes`, `categoria`, `categoria_url`, `autor`, `imagem`, `galeria_id`, `data`, `data_mod`, `status`, `rascunho`) VALUES
(29, 'Dez Mil Palavras', 'dez-mil-palavras', '&#60;p style=&#34;text-align: justify;&#34;&#62;Lorem ipsum dolor sit &#34;amet&#34;, &#39;consectetur&#39; adipiscing elit. Sed hendrerit libero ac lectus bibendum aliquam. Curabitur lacinia ullamcorper maximus. Donec et hendrerit augue. Nullam vitae mauris eu ipsum gravida cursus. Nulla a efficitur est. Pellentesque habitant morbi tristique senectus et netus et malesuada fames ac turpis egestas. Sed imperdiet congue lacus, non cursus urna. Proin ullamcorper enim at iaculis tempus. Etiam vitae euismod turpis, vel dictum augue. Nunc congue, felis nec ornare laoreet, ipsum diam tincidunt dui, ut dignissim nunc erat non eros. Cras tristique commodo nunc non commodo.&#60;/p&#62;&#13;&#10;&#60;p style=&#34;text-align: justify;&#34;&#62;&#60;strong&#62;Menu&#60;/strong&#62;&#60;/p&#62;&#13;&#10;&#60;ol&#62;&#13;&#10;&#60;li style=&#34;text-align: justify;&#34;&#62;&#60;a href=&#34;#link1&#34;&#62;Link 1&#60;/a&#62;&#60;/li&#62;&#13;&#10;&#60;li style=&#34;text-align: justify;&#34;&#62;&#60;a href=&#34;#link2&#34;&#62;Link 2&#60;/a&#62;&#60;/li&#62;&#13;&#10;&#60;li style=&#34;text-align: justify;&#34;&#62;&#60;a href=&#34;#link3&#34;&#62;Link 3&#60;/a&#62;&#60;/li&#62;&#13;&#10;&#60;/ol&#62;&#13;&#10;&#60;blockquote&#62;&#13;&#10;&#60;p style=&#34;text-align: justify;&#34;&#62;Integer ut scelerisque leo, eu tincidunt magna. Nullam ut ante cursus, volutpat ipsum eget, pellentesque dolor. Sed aliquam pretium urna nec tempor. Sed sed faucibus est. Cras viverra fringilla est, sed volutpat nulla congue in. Cras suscipit nulla eros, convallis sollicitudin enim sollicitudin vitae. Etiam semper rutrum molestie. Fusce ornare dolor sit amet nunc faucibus eleifend eu sed enim. Nullam pulvinar augue lectus, at tempor neque dignissim id. Sed pulvinar venenatis mi, sed convallis lectus semper nec. Nunc ac diam massa. Vivamus aliquet luctus pharetra. Proin congue viverra nunc, et consectetur magna elementum a. Sed sit amet tellus nisl. Mauris vehicula purus imperdiet velit volutpat vehicula.&#60;/p&#62;&#13;&#10;&#60;/blockquote&#62;&#13;&#10;&#60;p style=&#34;text-align: justify;&#34;&#62;Donec volutpat vehicula tellus. Nulla facilisi. Nullam et ex non ex pretium consectetur. Morbi eget ipsum sit amet justo mattis vestibulum ut dapibus sapien. Aliquam sagittis risus ligula, nec ultricies magna lacinia sit amet. Aliquam auctor nibh a ipsum molestie pulvinar. Integer fermentum ullamcorper egestas. Etiam euismod, orci et venenatis tempor, elit diam sollicitudin mauris, at ultricies sem nisl lacinia nunc.&#60;/p&#62;&#13;&#10;&#60;p style=&#34;text-align: justify;&#34;&#62;Sed tristique nisl ex. In sed elementum nulla, nec consectetur est. Donec rhoncus nibh mi, ac elementum ex euismod nec. Vestibulum in augue ac purus pulvinar aliquam ut sit amet enim. Sed rutrum leo erat, eget luctus ipsum pulvinar nec. Nam viverra faucibus ultrices. Curabitur elementum congue risus. Nullam at laoreet leo, quis congue elit. Quisque volutpat purus tortor, vitae elementum enim auctor sed. Aliquam mattis, risus non porttitor lobortis, lorem lacus sodales est, in maximus felis felis ac justo. Aliquam porttitor neque facilisis pellentesque sodales. Proin eu lectus in dolor finibus convallis in non felis. Nam tristique laoreet dui, nec facilisis lorem tempor id. Donec lacinia ante eu sodales egestas. In blandit volutpat ex nec faucibus.&#60;/p&#62;&#13;&#10;&#60;p style=&#34;text-align: justify;&#34;&#62;Nulla libero libero, finibus vitae rhoncus at, tempus eget nibh. Pellentesque dui augue, posuere ut accumsan non, consectetur a purus. Interdum et malesuada fames ac ante ipsum primis in faucibus. Quisque malesuada malesuada felis, eu aliquet massa iaculis ac. Cras tincidunt, nunc a pellentesque blandit, felis ex tincidunt eros, fermentum suscipit lorem dui id felis. Etiam vel vulputate libero. Fusce eget turpis nisl.&#60;/p&#62;&#13;&#10;&#60;p style=&#34;text-align: justify;&#34;&#62;Lorem ipsum dolor sit amet, consectetur adipiscing elit. Sed hendrerit libero ac lectus bibendum aliquam. Curabitur lacinia ullamcorper maximus. Donec et hendrerit augue. Nullam vitae mauris eu ipsum gravida cursus. Nulla a efficitur est. Pellentesque habitant morbi tristique senectus et netus et malesuada fames ac turpis egestas. Sed imperdiet congue lacus, non cursus urna. Proin ullamcorper enim at iaculis tempus. Etiam vitae euismod turpis, vel dictum augue. Nunc congue, felis nec ornare laoreet, ipsum diam tincidunt dui, ut dignissim nunc erat non eros. Cras tristique commodo nunc non commodo.&#60;/p&#62;&#13;&#10;&#60;h5 id=&#34;link1&#34;&#62;Este &#38;eacute; o link 1&#60;/h5&#62;&#13;&#10;&#60;p style=&#34;text-align: justify;&#34;&#62;Integer ut scelerisque leo, eu tincidunt magna. Nullam ut ante cursus, volutpat ipsum eget, pellentesque dolor. Sed aliquam pretium urna nec tempor. Sed sed faucibus est. Cras viverra fringilla est, sed volutpat nulla congue in. Cras suscipit nulla eros, convallis sollicitudin enim sollicitudin vitae. Etiam semper rutrum molestie. Fusce ornare dolor sit amet nunc faucibus eleifend eu sed enim. Nullam pulvinar augue lectus, at tempor neque dignissim id. Sed pulvinar venenatis mi, sed convallis lectus semper nec. Nunc ac diam massa. Vivamus aliquet luctus pharetra. Proin congue viverra nunc, et consectetur magna elementum a. Sed sit amet tellus nisl. Mauris vehicula purus imperdiet velit volutpat vehicula.&#60;/p&#62;&#13;&#10;&#60;p style=&#34;text-align: justify;&#34;&#62;Donec volutpat vehicula tellus. Nulla facilisi. Nullam et ex non ex pretium consectetur. Morbi eget ipsum sit amet justo mattis vestibulum ut dapibus sapien. Aliquam sagittis risus ligula, nec ultricies magna lacinia sit amet. Aliquam auctor nibh a ipsum molestie pulvinar. Integer fermentum ullamcorper egestas. Etiam euismod, orci et venenatis tempor, elit diam sollicitudin mauris, at ultricies sem nisl lacinia nunc.&#60;/p&#62;&#13;&#10;&#60;p style=&#34;text-align: justify;&#34;&#62;Sed tristique nisl ex. In sed elementum nulla, nec consectetur est. Donec rhoncus nibh mi, ac elementum ex euismod nec. Vestibulum in augue ac purus pulvinar aliquam ut sit amet enim. Sed rutrum leo erat, eget luctus ipsum pulvinar nec. Nam viverra faucibus ultrices. Curabitur elementum congue risus. Nullam at laoreet leo, quis congue elit. Quisque volutpat purus tortor, vitae elementum enim auctor sed. Aliquam mattis, risus non porttitor lobortis, lorem lacus sodales est, in maximus felis felis ac justo. Aliquam porttitor neque facilisis pellentesque sodales. Proin eu lectus in dolor finibus convallis in non felis. Nam tristique laoreet dui, nec facilisis lorem tempor id. Donec lacinia ante eu sodales egestas. In blandit volutpat ex nec faucibus.&#60;/p&#62;&#13;&#10;&#60;h5 id=&#34;link2&#34;&#62;Este &#38;eacute; o link 2&#60;/h5&#62;&#13;&#10;&#60;p style=&#34;text-align: justify;&#34;&#62;Nulla libero libero, finibus vitae rhoncus at, tempus eget nibh. Pellentesque dui augue, posuere ut accumsan non, consectetur a purus. Interdum et malesuada fames ac ante ipsum primis in faucibus. Quisque malesuada malesuada felis, eu aliquet massa iaculis ac. Cras tincidunt, nunc a pellentesque blandit, felis ex tincidunt eros, fermentum suscipit lorem dui id felis. Etiam vel vulputate libero. Fusce eget turpis nisl.&#60;/p&#62;&#13;&#10;&#60;p style=&#34;text-align: justify;&#34;&#62;Lorem ipsum dolor sit amet, consectetur adipiscing elit. Sed hendrerit libero ac lectus bibendum aliquam. Curabitur lacinia ullamcorper maximus. Donec et hendrerit augue. Nullam vitae mauris eu ipsum gravida cursus. Nulla a efficitur est. Pellentesque habitant morbi tristique senectus et netus et malesuada fames ac turpis egestas. Sed imperdiet congue lacus, non cursus urna. Proin ullamcorper enim at iaculis tempus. Etiam vitae euismod turpis, vel dictum augue. Nunc congue, felis nec ornare laoreet, ipsum diam tincidunt dui, ut dignissim nunc erat non eros. Cras tristique commodo nunc non commodo.&#60;/p&#62;&#13;&#10;&#60;p style=&#34;text-align: justify;&#34;&#62;Integer ut scelerisque leo, eu tincidunt magna. Nullam ut ante cursus, volutpat ipsum eget, pellentesque dolor. Sed aliquam pretium urna nec tempor. Sed sed faucibus est. Cras viverra fringilla est, sed volutpat nulla congue in. Cras suscipit nulla eros, convallis sollicitudin enim sollicitudin vitae. Etiam semper rutrum molestie. Fusce ornare dolor sit amet nunc faucibus eleifend eu sed enim. Nullam pulvinar augue lectus, at tempor neque dignissim id. Sed pulvinar venenatis mi, sed convallis lectus semper nec. Nunc ac diam massa. Vivamus aliquet luctus pharetra. Proin congue viverra nunc, et consectetur magna elementum a. Sed sit amet tellus nisl. Mauris vehicula purus imperdiet velit volutpat vehicula.&#60;/p&#62;&#13;&#10;&#60;p style=&#34;text-align: justify;&#34;&#62;Donec volutpat vehicula tellus. Nulla facilisi. Nullam et ex non ex pretium consectetur. Morbi eget ipsum sit amet justo mattis vestibulum ut dapibus sapien. Aliquam sagittis risus ligula, nec ultricies magna lacinia sit amet. Aliquam auctor nibh a ipsum molestie pulvinar. Integer fermentum ullamcorper egestas. Etiam euismod, orci et venenatis tempor, elit diam sollicitudin mauris, at ultricies sem nisl lacinia nunc.&#60;/p&#62;&#13;&#10;&#60;p style=&#34;text-align: justify;&#34;&#62;Sed tristique nisl ex. In sed elementum nulla, nec consectetur est. Donec rhoncus nibh mi, ac elementum ex euismod nec. Vestibulum in augue ac purus pulvinar aliquam ut sit amet enim. Sed rutrum leo erat, eget luctus ipsum pulvinar nec. Nam viverra faucibus ultrices. Curabitur elementum congue risus. Nullam at laoreet leo, quis congue elit. Quisque volutpat purus tortor, vitae elementum enim auctor sed. Aliquam mattis, risus non porttitor lobortis, lorem lacus sodales est, in maximus felis felis ac justo. Aliquam porttitor neque facilisis pellentesque sodales. Proin eu lectus in dolor finibus convallis in non felis. Nam tristique laoreet dui, nec facilisis lorem tempor id. Donec lacinia ante eu sodales egestas. In blandit volutpat ex nec faucibus.&#60;/p&#62;&#13;&#10;&#60;p style=&#34;text-align: justify;&#34;&#62;Nulla libero libero, finibus vitae rhoncus at, tempus eget nibh. Pellentesque dui augue, posuere ut accumsan non, consectetur a purus. Interdum et malesuada fames ac ante ipsum primis in faucibus. Quisque malesuada malesuada felis, eu aliquet massa iaculis ac. Cras tincidunt, nunc a pellentesque blandit, felis ex tincidunt eros, fermentum suscipit lorem dui id felis. Etiam vel vulputate libero. Fusce eget turpis nisl.&#60;/p&#62;&#13;&#10;&#60;p style=&#34;text-align: justify;&#34;&#62;Lorem ipsum dolor sit amet, consectetur adipiscing elit. Sed hendrerit libero ac lectus bibendum aliquam. Curabitur lacinia ullamcorper maximus. Donec et hendrerit augue. Nullam vitae mauris eu ipsum gravida cursus. Nulla a efficitur est. Pellentesque habitant morbi tristique senectus et netus et malesuada fames ac turpis egestas. Sed imperdiet congue lacus, non cursus urna. Proin ullamcorper enim at iaculis tempus. Etiam vitae euismod turpis, vel dictum augue. Nunc congue, felis nec ornare laoreet, ipsum diam tincidunt dui, ut dignissim nunc erat non eros. Cras tristique commodo nunc non commodo.&#60;/p&#62;&#13;&#10;&#60;p style=&#34;text-align: justify;&#34;&#62;Integer ut scelerisque leo, eu tincidunt magna. Nullam ut ante cursus, volutpat ipsum eget, pellentesque dolor. Sed aliquam pretium urna nec tempor. Sed sed faucibus est. Cras viverra fringilla est, sed volutpat nulla congue in. Cras suscipit nulla eros, convallis sollicitudin enim sollicitudin vitae. Etiam semper rutrum molestie. Fusce ornare dolor sit amet nunc faucibus eleifend eu sed enim. Nullam pulvinar augue lectus, at tempor neque dignissim id. Sed pulvinar venenatis mi, sed convallis lectus semper nec. Nunc ac diam massa. Vivamus aliquet luctus pharetra. Proin congue viverra nunc, et consectetur magna elementum a. Sed sit amet tellus nisl. Mauris vehicula purus imperdiet velit volutpat vehicula.&#60;/p&#62;&#13;&#10;&#60;p style=&#34;text-align: justify;&#34;&#62;Donec volutpat vehicula tellus. Nulla facilisi. Nullam et ex non ex pretium consectetur. Morbi eget ipsum sit amet justo mattis vestibulum ut dapibus sapien. Aliquam sagittis risus ligula, nec ultricies magna lacinia sit amet. Aliquam auctor nibh a ipsum molestie pulvinar. Integer fermentum ullamcorper egestas. Etiam euismod, orci et venenatis tempor, elit diam sollicitudin mauris, at ultricies sem nisl lacinia nunc.&#60;/p&#62;&#13;&#10;&#60;p style=&#34;text-align: justify;&#34;&#62;Sed tristique nisl ex. In sed elementum nulla, nec consectetur est. Donec rhoncus nibh mi, ac elementum ex euismod nec. Vestibulum in augue ac purus pulvinar aliquam ut sit amet enim. Sed rutrum leo erat, eget luctus ipsum pulvinar nec. Nam viverra faucibus ultrices. Curabitur elementum congue risus. Nullam at laoreet leo, quis congue elit. Quisque volutpat purus tortor, vitae elementum enim auctor sed. Aliquam mattis, risus non porttitor lobortis, lorem lacus sodales est, in maximus felis felis ac justo. Aliquam porttitor neque facilisis pellentesque sodales. Proin eu lectus in dolor finibus convallis in non felis. Nam tristique laoreet dui, nec facilisis lorem tempor id. Donec lacinia ante eu sodales egestas. In blandit volutpat ex nec faucibus.&#60;/p&#62;&#13;&#10;&#60;p style=&#34;text-align: justify;&#34;&#62;Nulla libero libero, finibus vitae rhoncus at, tempus eget nibh. Pellentesque dui augue, posuere ut accumsan non, consectetur a purus. Interdum et malesuada fames ac ante ipsum primis in faucibus. Quisque malesuada malesuada felis, eu aliquet massa iaculis ac. Cras tincidunt, nunc a pellentesque blandit, felis ex tincidunt eros, fermentum suscipit lorem dui id felis. Etiam vel vulputate libero. Fusce eget turpis nisl.&#60;/p&#62;&#13;&#10;&#60;p style=&#34;text-align: justify;&#34;&#62;Lorem ipsum dolor sit amet, consectetur adipiscing elit. Sed hendrerit libero ac lectus bibendum aliquam. Curabitur lacinia ullamcorper maximus. Donec et hendrerit augue. Nullam vitae mauris eu ipsum gravida cursus. Nulla a efficitur est. Pellentesque habitant morbi tristique senectus et netus et malesuada fames ac turpis egestas. Sed imperdiet congue lacus, non cursus urna. Proin ullamcorper enim at iaculis tempus. Etiam vitae euismod turpis, vel dictum augue. Nunc congue, felis nec ornare laoreet, ipsum diam tincidunt dui, ut dignissim nunc erat non eros. Cras tristique commodo nunc non commodo.&#60;/p&#62;&#13;&#10;&#60;p style=&#34;text-align: justify;&#34;&#62;Integer ut scelerisque leo, eu tincidunt magna. Nullam ut ante cursus, volutpat ipsum eget, pellentesque dolor. Sed aliquam pretium urna nec tempor. Sed sed faucibus est. Cras viverra fringilla est, sed volutpat nulla congue in. Cras suscipit nulla eros, convallis sollicitudin enim sollicitudin vitae. Etiam semper rutrum molestie. Fusce ornare dolor sit amet nunc faucibus eleifend eu sed enim. Nullam pulvinar augue lectus, at tempor neque dignissim id. Sed pulvinar venenatis mi, sed convallis lectus semper nec. Nunc ac diam massa. Vivamus aliquet luctus pharetra. Proin congue viverra nunc, et consectetur magna elementum a. Sed sit amet tellus nisl. Mauris vehicula purus imperdiet velit volutpat vehicula.&#60;/p&#62;&#13;&#10;&#60;p style=&#34;text-align: justify;&#34;&#62;Donec volutpat vehicula tellus. Nulla facilisi. Nullam et ex non ex pretium consectetur. Morbi eget ipsum sit amet justo mattis vestibulum ut dapibus sapien. Aliquam sagittis risus ligula, nec ultricies magna lacinia sit amet. Aliquam auctor nibh a ipsum molestie pulvinar. Integer fermentum ullamcorper egestas. Etiam euismod, orci et venenatis tempor, elit diam sollicitudin mauris, at ultricies sem nisl lacinia nunc.&#60;/p&#62;&#13;&#10;&#60;p style=&#34;text-align: justify;&#34;&#62;Sed tristique nisl ex. In sed elementum nulla, nec consectetur est. Donec rhoncus nibh mi, ac elementum ex euismod nec. Vestibulum in augue ac purus pulvinar aliquam ut sit amet enim. Sed rutrum leo erat, eget luctus ipsum pulvinar nec. Nam viverra faucibus ultrices. Curabitur elementum congue risus. Nullam at laoreet leo, quis congue elit. Quisque volutpat purus tortor, vitae elementum enim auctor sed. Aliquam mattis, risus non porttitor lobortis, lorem lacus sodales est, in maximus felis felis ac justo. Aliquam porttitor neque facilisis pellentesque sodales. Proin eu lectus in dolor finibus convallis in non felis. Nam tristique laoreet dui, nec facilisis lorem tempor id. Donec lacinia ante eu sodales egestas. In blandit volutpat ex nec faucibus.&#60;/p&#62;&#13;&#10;&#60;p style=&#34;text-align: justify;&#34;&#62;Nulla libero libero, finibus vitae rhoncus at, tempus eget nibh. Pellentesque dui augue, posuere ut accumsan non, consectetur a purus. Interdum et malesuada fames ac ante ipsum primis in faucibus. Quisque malesuada malesuada felis, eu aliquet massa iaculis ac. Cras tincidunt, nunc a pellentesque blandit, felis ex tincidunt eros, fermentum suscipit lorem dui id felis. Etiam vel vulputate libero. Fusce eget turpis nisl.&#60;/p&#62;&#13;&#10;&#60;p style=&#34;text-align: justify;&#34;&#62;Lorem ipsum dolor sit amet, consectetur adipiscing elit. Sed hendrerit libero ac lectus bibendum aliquam. Curabitur lacinia ullamcorper maximus. Donec et hendrerit augue. Nullam vitae mauris eu ipsum gravida cursus. Nulla a efficitur est. Pellentesque habitant morbi tristique senectus et netus et malesuada fames ac turpis egestas. Sed imperdiet congue lacus, non cursus urna. Proin ullamcorper enim at iaculis tempus. Etiam vitae euismod turpis, vel dictum augue. Nunc congue, felis nec ornare laoreet, ipsum diam tincidunt dui, ut dignissim nunc erat non eros. Cras tristique commodo nunc non commodo.&#60;/p&#62;&#13;&#10;&#60;p style=&#34;text-align: justify;&#34;&#62;Integer ut scelerisque leo, eu tincidunt magna. Nullam ut ante cursus, volutpat ipsum eget, pellentesque dolor. Sed aliquam pretium urna nec tempor. Sed sed faucibus est. Cras viverra fringilla est, sed volutpat nulla congue in. Cras suscipit nulla eros, convallis sollicitudin enim sollicitudin vitae. Etiam semper rutrum molestie. Fusce ornare dolor sit amet nunc faucibus eleifend eu sed enim. Nullam pulvinar augue lectus, at tempor neque dignissim id. Sed pulvinar venenatis mi, sed convallis lectus semper nec. Nunc ac diam massa. Vivamus aliquet luctus pharetra. Proin congue viverra nunc, et consectetur magna elementum a. Sed sit amet tellus nisl. Mauris vehicula purus imperdiet velit volutpat vehicula.&#60;/p&#62;&#13;&#10;&#60;p style=&#34;text-align: justify;&#34;&#62;Donec volutpat vehicula tellus. Nulla facilisi. Nullam et ex non ex pretium consectetur. Morbi eget ipsum sit amet justo mattis vestibulum ut dapibus sapien. Aliquam sagittis risus ligula, nec ultricies magna lacinia sit amet. Aliquam auctor nibh a ipsum molestie pulvinar. Integer fermentum ullamcorper egestas. Etiam euismod, orci et venenatis tempor, elit diam sollicitudin mauris, at ultricies sem nisl lacinia nunc.&#60;/p&#62;&#13;&#10;&#60;h5 id=&#34;link3&#34;&#62;Este &#38;eacute; o link 3&#60;/h5&#62;&#13;&#10;&#60;p style=&#34;text-align: justify;&#34;&#62;Sed tristique nisl ex. In sed elementum nulla, nec consectetur est. Donec rhoncus nibh mi, ac elementum ex euismod nec. Vestibulum in augue ac purus pulvinar aliquam ut sit amet enim. Sed rutrum leo erat, eget luctus ipsum pulvinar nec. Nam viverra faucibus ultrices. Curabitur elementum congue risus. Nullam at laoreet leo, quis congue elit. Quisque volutpat purus tortor, vitae elementum enim auctor sed. Aliquam mattis, risus non porttitor lobortis, lorem lacus sodales est, in maximus felis felis ac justo. Aliquam porttitor neque facilisis pellentesque sodales. Proin eu lectus in dolor finibus convallis in non felis. Nam tristique laoreet dui, nec facilisis lorem tempor id. Donec lacinia ante eu sodales egestas. In blandit volutpat ex nec faucibus.&#60;/p&#62;&#13;&#10;&#60;p style=&#34;text-align: justify;&#34;&#62;Nulla libero libero, finibus vitae rhoncus at, tempus eget nibh. Pellentesque dui augue, posuere ut accumsan non, consectetur a purus. Interdum et malesuada fames ac ante ipsum primis in faucibus. Quisque malesuada malesuada felis, eu aliquet massa iaculis ac. Cras tincidunt, nunc a pellentesque blandit, felis ex tincidunt eros, fermentum suscipit lorem dui id felis. Etiam vel vulputate libero. Fusce eget turpis nisl.&#60;/p&#62;&#13;&#10;&#60;p style=&#34;text-align: justify;&#34;&#62;Lorem ipsum dolor sit amet, consectetur adipiscing elit. Sed hendrerit libero ac lectus bibendum aliquam. Curabitur lacinia ullamcorper maximus. Donec et hendrerit augue. Nullam vitae mauris eu ipsum gravida cursus. Nulla a efficitur est. Pellentesque habitant morbi tristique senectus et netus et malesuada fames ac turpis egestas. Sed imperdiet congue lacus, non cursus urna. Proin ullamcorper enim at iaculis tempus. Etiam vitae euismod turpis, vel dictum augue. Nunc congue, felis nec ornare laoreet, ipsum diam tincidunt dui, ut dignissim nunc erat non eros. Cras tristique commodo nunc non commodo.&#60;/p&#62;&#13;&#10;&#60;p style=&#34;text-align: justify;&#34;&#62;Integer ut scelerisque leo, eu tincidunt magna. Nullam ut ante cursus, volutpat ipsum eget, pellentesque dolor. Sed aliquam pretium urna nec tempor. Sed sed faucibus est. Cras viverra fringilla est, sed volutpat nulla congue in. Cras suscipit nulla eros, convallis sollicitudin enim sollicitudin vitae. Etiam semper rutrum molestie. Fusce ornare dolor sit amet nunc faucibus eleifend eu sed enim. Nullam pulvinar augue lectus, at tempor neque dignissim id. Sed pulvinar venenatis mi, sed convallis lectus semper nec. Nunc ac diam massa. Vivamus aliquet luctus pharetra. Proin congue viverra nunc, et consectetur magna elementum a. Sed sit amet tellus nisl. Mauris vehicula purus imperdiet velit volutpat vehicula.&#60;/p&#62;&#13;&#10;&#60;p style=&#34;text-align: justify;&#34;&#62;Donec volutpat vehicula tellus. Nulla facilisi. Nullam et ex non ex pretium consectetur. Morbi eget ipsum sit amet justo mattis vestibulum ut dapibus sapien. Aliquam sagittis risus ligula, nec ultricies magna lacinia sit amet. Aliquam auctor nibh a ipsum molestie pulvinar. Integer fermentum ullamcorper egestas. Etiam euismod, orci et venenatis tempor, elit diam sollicitudin mauris, at ultricies sem nisl lacinia nunc.&#60;/p&#62;&#13;&#10;&#60;p style=&#34;text-align: justify;&#34;&#62;Sed tristique nisl ex. In sed elementum nulla, nec consectetur est. Donec rhoncus nibh mi, ac elementum ex euismod nec. Vestibulum in augue ac purus pulvinar aliquam ut sit amet enim. Sed rutrum leo erat, eget luctus ipsum pulvinar nec. Nam viverra faucibus ultrices. Curabitur elementum congue risus. Nullam at laoreet leo, quis congue elit. Quisque volutpat purus tortor, vitae elementum enim auctor sed. Aliquam mattis, risus non porttitor lobortis, lorem lacus sodales est, in maximus felis felis ac justo. Aliquam porttitor neque facilisis pellentesque sodales. Proin eu lectus in dolor finibus convallis in non felis. Nam tristique laoreet dui, nec facilisis lorem tempor id. Donec lacinia ante eu sodales egestas. In blandit volutpat ex nec faucibus.&#60;/p&#62;&#13;&#10;&#60;p style=&#34;text-align: justify;&#34;&#62;Nulla libero libero, finibus vitae rhoncus at, tempus eget nibh. Pellentesque dui augue, posuere ut accumsan non, consectetur a purus. Interdum et malesuada fames ac ante ipsum primis in faucibus. Quisque malesuada malesuada felis, eu aliquet massa iaculis ac. Cras tincidunt, nunc a pellentesque blandit, felis ex tincidunt eros, fermentum suscipit lorem dui id felis. Etiam vel vulputate libero. Fusce eget turpis nisl.&#60;/p&#62;&#13;&#10;&#60;p style=&#34;text-align: justify;&#34;&#62;Lorem ipsum dolor sit amet, consectetur adipiscing elit. Sed hendrerit libero ac lectus bibendum aliquam. Curabitur lacinia ullamcorper maximus. Donec et hendrerit augue. Nullam vitae mauris eu ipsum gravida cursus. Nulla a efficitur est. Pellentesque habitant morbi tristique senectus et netus et malesuada fames ac turpis egestas. Sed imperdiet congue lacus, non cursus urna. Proin ullamcorper enim at iaculis tempus. Etiam vitae euismod turpis, vel dictum augue. Nunc congue, felis nec ornare laoreet, ipsum diam tincidunt dui, ut dignissim nunc erat non eros. Cras tristique commodo nunc non commodo.&#60;/p&#62;&#13;&#10;&#60;p style=&#34;text-align: justify;&#34;&#62;Integer ut scelerisque leo, eu tincidunt magna. Nullam ut ante cursus, volutpat ipsum eget, pellentesque dolor. Sed aliquam pretium urna nec tempor. Sed sed faucibus est. Cras viverra fringilla est, sed volutpat nulla congue in. Cras suscipit nulla eros, convallis sollicitudin enim sollicitudin vitae. Etiam semper rutrum molestie. Fusce ornare dolor sit amet nunc faucibus eleifend eu sed enim. Nullam pulvinar augue lectus, at tempor neque dignissim id. Sed pulvinar venenatis mi, sed convallis lectus semper nec. Nunc ac diam massa. Vivamus aliquet luctus pharetra. Proin congue viverra nunc, et consectetur magna elementum a. Sed sit amet tellus nisl. Mauris vehicula purus imperdiet velit volutpat vehicula.&#60;/p&#62;&#13;&#10;&#60;p style=&#34;text-align: justify;&#34;&#62;Donec volutpat vehicula tellus. Nulla facilisi. Nullam et ex non ex pretium consectetur. Morbi eget ipsum sit amet justo mattis vestibulum ut dapibus sapien. Aliquam sagittis risus ligula, nec ultricies magna lacinia sit amet. Aliquam auctor nibh a ipsum molestie pulvinar. Integer fermentum ullamcorper egestas. Etiam euismod, orci et venenatis tempor, elit diam sollicitudin mauris, at ultricies sem nisl lacinia nunc.&#60;/p&#62;&#13;&#10;&#60;p style=&#34;text-align: justify;&#34;&#62;Sed tristique nisl ex. In sed elementum nulla, nec consectetur est. Donec rhoncus nibh mi, ac elementum ex euismod nec. Vestibulum in augue ac purus pulvinar aliquam ut sit amet enim. Sed rutrum leo erat, eget luctus ipsum pulvinar nec. Nam viverra faucibus ultrices. Curabitur elementum congue risus. Nullam at laoreet leo, quis congue elit. Quisque volutpat purus tortor, vitae elementum enim auctor sed. Aliquam mattis, risus non porttitor lobortis, lorem lacus sodales est, in maximus felis felis ac justo. Aliquam porttitor neque facilisis pellentesque sodales. Proin eu lectus in dolor finibus convallis in non felis. Nam tristique laoreet dui, nec facilisis lorem tempor id. Donec lacinia ante eu sodales egestas. In blandit volutpat ex nec faucibus.&#60;/p&#62;&#13;&#10;&#60;p style=&#34;text-align: justify;&#34;&#62;Nulla libero libero, finibus vitae rhoncus at, tempus eget nibh. Pellentesque dui augue, posuere ut accumsan non, consectetur a purus. Interdum et malesuada fames ac ante ipsum primis in faucibus. Quisque malesuada malesuada felis, eu aliquet massa iaculis ac. Cras tincidunt, nunc a pellentesque blandit, felis ex tincidunt eros, fermentum suscipit lorem dui id felis. Etiam vel vulputate libero. Fusce eget turpis nisl.&#60;/p&#62;&#13;&#10;&#60;p style=&#34;text-align: justify;&#34;&#62;Lorem ipsum dolor sit amet, consectetur adipiscing elit. Sed hendrerit libero ac lectus bibendum aliquam. Curabitur lacinia ullamcorper maximus. Donec et hendrerit augue. Nullam vitae mauris eu ipsum gravida cursus. Nulla a efficitur est. Pellentesque habitant morbi tristique senectus et netus et malesuada fames ac turpis egestas. Sed imperdiet congue lacus, non cursus urna. Proin ullamcorper enim at iaculis tempus. Etiam vitae euismod turpis, vel dictum augue. Nunc congue, felis nec ornare laoreet, ipsum diam tincidunt dui, ut dignissim nunc erat non eros. Cras tristique commodo nunc non commodo.&#60;/p&#62;&#13;&#10;&#60;p style=&#34;text-align: justify;&#34;&#62;Integer ut scelerisque leo, eu tincidunt magna. Nullam ut ante cursus, volutpat ipsum eget, pellentesque dolor. Sed aliquam pretium urna nec tempor. Sed sed faucibus est. Cras viverra fringilla est, sed volutpat nulla congue in. Cras suscipit nulla eros, convallis sollicitudin enim sollicitudin vitae. Etiam semper rutrum molestie. Fusce ornare dolor sit amet nunc faucibus eleifend eu sed enim. Nullam pulvinar augue lectus, at tempor neque dignissim id. Sed pulvinar venenatis mi, sed convallis lectus semper nec. Nunc ac diam massa. Vivamus aliquet luctus pharetra. Proin congue viverra nunc, et consectetur magna elementum a. Sed sit amet tellus nisl. Mauris vehicula purus imperdiet velit volutpat vehicula.&#60;/p&#62;&#13;&#10;&#60;p style=&#34;text-align: justify;&#34;&#62;Donec volutpat vehicula tellus. Nulla facilisi. Nullam et ex non ex pretium consectetur. Morbi eget ipsum sit amet justo mattis vestibulum ut dapibus sapien. Aliquam sagittis risus ligula, nec ultricies magna lacinia sit amet. Aliquam auctor nibh a ipsum molestie pulvinar. Integer fermentum ullamcorper egestas. Etiam euismod, orci et venenatis tempor, elit diam sollicitudin mauris, at ultricies sem nisl lacinia nunc.&#60;/p&#62;&#13;&#10;&#60;p style=&#34;text-align: justify;&#34;&#62;Sed tristique nisl ex. In sed elementum nulla, nec consectetur est. Donec rhoncus nibh mi, ac elementum ex euismod nec. Vestibulum in augue ac purus pulvinar aliquam ut sit amet enim. Sed rutrum leo erat, eget luctus ipsum pulvinar nec. Nam viverra faucibus ultrices. Curabitur elementum congue risus. Nullam at laoreet leo, quis congue elit. Quisque volutpat purus tortor, vitae elementum enim auctor sed. Aliquam mattis, risus non porttitor lobortis, lorem lacus sodales est, in maximus felis felis ac justo. Aliquam porttitor neque facilisis pellentesque sodales. Proin eu lectus in dolor finibus convallis in non felis. Nam tristique laoreet dui, nec facilisis lorem tempor id. Donec lacinia ante eu sodales egestas. In blandit volutpat ex nec faucibus.&#60;/p&#62;&#13;&#10;&#60;p style=&#34;text-align: justify;&#34;&#62;Nulla libero libero, finibus vitae rhoncus at, tempus eget nibh. Pellentesque dui augue, posuere ut accumsan non, consectetur a purus. Interdum et malesuada fames ac ante ipsum primis in faucibus. Quisque malesuada malesuada felis, eu aliquet massa iaculis ac. Cras tincidunt, nunc a pellentesque blandit, felis ex tincidunt eros, fermentum suscipit lorem dui id felis. Etiam vel vulputate libero. Fusce eget turpis nisl.&#60;/p&#62;&#13;&#10;&#60;p style=&#34;text-align: justify;&#34;&#62;Lorem ipsum dolor sit amet, consectetur adipiscing elit. Sed hendrerit libero ac lectus bibendum aliquam. Curabitur lacinia ullamcorper maximus. Donec et hendrerit augue. Nullam vitae mauris eu ipsum gravida cursus. Nulla a efficitur est. Pellentesque habitant morbi tristique senectus et netus et malesuada fames ac turpis egestas. Sed imperdiet congue lacus, non cursus urna. Proin ullamcorper enim at iaculis tempus. Etiam vitae euismod turpis, vel dictum augue. Nunc congue, felis nec ornare laoreet, ipsum diam tincidunt dui, ut dignissim nunc erat non eros. Cras tristique commodo nunc non commodo.&#60;/p&#62;&#13;&#10;&#60;p style=&#34;text-align: justify;&#34;&#62;Integer ut scelerisque leo, eu tincidunt magna. Nullam ut ante cursus, volutpat ipsum eget, pellentesque dolor. Sed aliquam pretium urna nec tempor. Sed sed faucibus est. Cras viverra fringilla est, sed volutpat nulla congue in. Cras suscipit nulla eros, convallis sollicitudin enim sollicitudin vitae. Etiam semper rutrum molestie. Fusce ornare dolor sit amet nunc faucibus eleifend eu sed enim. Nullam pulvinar augue lectus, at tempor neque dignissim id. Sed pulvinar venenatis mi, sed convallis lectus semper nec. Nunc ac diam massa. Vivamus aliquet luctus pharetra. Proin congue viverra nunc, et consectetur magna elementum a. Sed sit amet tellus nisl. Mauris vehicula purus imperdiet velit volutpat vehicula.&#60;/p&#62;&#13;&#10;&#60;p style=&#34;text-align: justify;&#34;&#62;Donec volutpat vehicula tellus. Nulla facilisi. Nullam et ex non ex pretium consectetur. Morbi eget ipsum sit amet justo mattis vestibulum ut dapibus sapien. Aliquam sagittis risus ligula, nec ultricies magna lacinia sit amet. Aliquam auctor nibh a ipsum molestie pulvinar. Integer fermentum ullamcorper egestas. Etiam euismod, orci et venenatis tempor, elit diam sollicitudin mauris, at ultricies sem nisl lacinia nunc.&#60;/p&#62;&#13;&#10;&#60;p style=&#34;text-align: justify;&#34;&#62;Sed tristique nisl ex. In sed elementum nulla, nec consectetur est. Donec rhoncus nibh mi, ac elementum ex euismod nec. Vestibulum in augue ac purus pulvinar aliquam ut sit amet enim. Sed rutrum leo erat, eget luctus ipsum pulvinar nec. Nam viverra faucibus ultrices. Curabitur elementum congue risus. Nullam at laoreet leo, quis congue elit. Quisque volutpat purus tortor, vitae elementum enim auctor sed. Aliquam mattis, risus non porttitor lobortis, lorem lacus sodales est, in maximus felis felis ac justo. Aliquam porttitor neque facilisis pellentesque sodales. Proin eu lectus in dolor finibus convallis in non felis. Nam tristique laoreet dui, nec facilisis lorem tempor id. Donec lacinia ante eu sodales egestas. In blandit volutpat ex nec faucibus.&#60;/p&#62;&#13;&#10;&#60;p style=&#34;text-align: justify;&#34;&#62;Nulla libero libero, finibus vitae rhoncus at, tempus eget nibh. Pellentesque dui augue, posuere ut accumsan non, consectetur a purus. Interdum et malesuada fames ac ante ipsum primis in faucibus. Quisque malesuada malesuada felis, eu aliquet massa iaculis ac. Cras tincidunt, nunc a pellentesque blandit, felis ex tincidunt eros, fermentum suscipit lorem dui id felis. Etiam vel vulputate libero. Fusce eget turpis nisl.&#60;/p&#62;&#13;&#10;&#60;p style=&#34;text-align: justify;&#34;&#62;Lorem ipsum dolor sit amet, consectetur adipiscing elit. Sed hendrerit libero ac lectus bibendum aliquam. Curabitur lacinia ullamcorper maximus. Donec et hendrerit augue. Nullam vitae mauris eu ipsum gravida cursus. Nulla a efficitur est. Pellentesque habitant morbi tristique senectus et netus et malesuada fames ac turpis egestas. Sed imperdiet congue lacus, non cursus urna. Proin ullamcorper enim at iaculis tempus. Etiam vitae euismod turpis, vel dictum augue. Nunc congue, felis nec ornare laoreet, ipsum diam tincidunt dui, ut dignissim nunc erat non eros. Cras tristique commodo nunc non commodo.&#60;/p&#62;&#13;&#10;&#60;p style=&#34;text-align: justify;&#34;&#62;Integer ut scelerisque leo, eu tincidunt magna. Nullam ut ante cursus, volutpat ipsum eget, pellentesque dolor. Sed aliquam pretium urna nec tempor. Sed sed faucibus est. Cras viverra fringilla est, sed volutpat nulla congue in. Cras suscipit nulla eros, convallis sollicitudin enim sollicitudin vitae. Etiam semper rutrum molestie. Fusce ornare dolor sit amet nunc faucibus eleifend eu sed enim. Nullam pulvinar augue lectus, at tempor neque dignissim id. Sed pulvinar venenatis mi, sed convallis lectus semper nec. Nunc ac diam massa. Vivamus aliquet luctus pharetra. Proin congue viverra nunc, et consectetur magna elementum a. Sed sit amet tellus nisl. Mauris vehicula purus imperdiet velit volutpat vehicula.&#60;/p&#62;&#13;&#10;&#60;p style=&#34;text-align: justify;&#34;&#62;Donec volutpat vehicula tellus. Nulla facilisi. Nullam et ex non ex pretium consectetur. Morbi eget ipsum sit amet justo mattis vestibulum ut dapibus sapien. Aliquam sagittis risus ligula, nec ultricies magna lacinia sit amet. Aliquam auctor nibh a ipsum molestie pulvinar. Integer fermentum ullamcorper egestas. Etiam euismod, orci et venenatis tempor, elit diam sollicitudin mauris, at ultricies sem nisl lacinia nunc.&#60;/p&#62;&#13;&#10;&#60;p style=&#34;text-align: justify;&#34;&#62;Sed tristique nisl ex. In sed elementum nulla, nec consectetur est. Donec rhoncus nibh mi, ac elementum ex euismod nec. Vestibulum in augue ac purus pulvinar aliquam ut sit amet enim. Sed rutrum leo erat, eget luctus ipsum pulvinar nec. Nam viverra faucibus ultrices. Curabitur elementum congue risus. Nullam at laoreet leo, quis congue elit. Quisque volutpat purus tortor, vitae elementum enim auctor sed. Aliquam mattis, risus non porttitor lobortis, lorem lacus sodales est, in maximus felis felis ac justo. Aliquam porttitor neque facilisis pellentesque sodales. Proin eu lectus in dolor finibus convallis in non felis. Nam tristique laoreet dui, nec facilisis lorem tempor id. Donec lacinia ante eu sodales egestas. In blandit volutpat ex nec faucibus.&#60;/p&#62;&#13;&#10;&#60;p style=&#34;text-align: justify;&#34;&#62;Nulla libero libero, finibus vitae rhoncus at, tempus eget nibh. Pellentesque dui augue, posuere ut accumsan non, consectetur a purus. Interdum et malesuada fames ac ante ipsum primis in faucibus. Quisque malesuada malesuada felis, eu aliquet massa iaculis ac. Cras tincidunt, nunc a pellentesque blandit, felis ex tincidunt eros, fermentum suscipit lorem dui id felis. Etiam vel vulputate libero. Fusce eget turpis nisl.&#60;/p&#62;&#13;&#10;&#60;p style=&#34;text-align: justify;&#34;&#62;Lorem ipsum dolor sit amet, consectetur adipiscing elit. Sed hendrerit libero ac lectus bibendum aliquam. Curabitur lacinia ullamcorper maximus. Donec et hendrerit augue. Nullam vitae mauris eu ipsum gravida cursus. Nulla a efficitur est. Pellentesque habitant morbi tristique senectus et netus et malesuada fames ac turpis egestas. Sed imperdiet congue lacus, non cursus urna. Proin ullamcorper enim at iaculis tempus. Etiam vitae euismod turpis, vel dictum augue. Nunc congue, felis nec ornare laoreet, ipsum diam tincidunt dui, ut dignissim nunc erat non eros. Cras tristique commodo nunc non commodo.&#60;/p&#62;&#13;&#10;&#60;p style=&#34;text-align: justify;&#34;&#62;Integer ut scelerisque leo, eu tincidunt magna. Nullam ut ante cursus, volutpat ipsum eget, pellentesque dolor. Sed aliquam pretium urna nec tempor. Sed sed faucibus est. Cras viverra fringilla est, sed volutpat nulla congue in. Cras suscipit nulla eros, convallis sollicitudin enim sollicitudin vitae. Etiam semper rutrum molestie. Fusce ornare dolor sit amet nunc faucibus eleifend eu sed enim. Nullam pulvinar augue lectus, at tempor neque dignissim id. Sed pulvinar venenatis mi, sed convallis lectus semper nec. Nunc ac diam massa. Vivamus aliquet luctus pharetra. Proin congue viverra nunc, et consectetur magna elementum a. Sed sit amet tellus nisl. Mauris vehicula purus imperdiet velit volutpat vehicula.&#60;/p&#62;&#13;&#10;&#60;p style=&#34;text-align: justify;&#34;&#62;Donec volutpat vehicula tellus. Nulla facilisi. Nullam et ex non ex pretium consectetur. Morbi eget ipsum sit amet justo mattis vestibulum ut dapibus sapien. Aliquam sagittis risus ligula, nec ultricies magna lacinia sit amet. Aliquam auctor nibh a ipsum molestie pulvinar. Integer fermentum ullamcorper egestas. Etiam euismod, orci et venenatis tempor, elit diam sollicitudin mauris, at ultricies sem nisl lacinia nunc.&#60;/p&#62;&#13;&#10;&#60;p style=&#34;text-align: justify;&#34;&#62;Sed tristique nisl ex. In sed elementum nulla, nec consectetur est. Donec rhoncus nibh mi, ac elementum ex euismod nec. Vestibulum in augue ac purus pulvinar aliquam ut sit amet enim. Sed rutrum leo erat, eget luctus ipsum pulvinar nec. Nam viverra faucibus ultrices. Curabitur elementum congue risus. Nullam at laoreet leo, quis congue elit. Quisque volutpat purus tortor, vitae elementum enim auctor sed. Aliquam mattis, risus non porttitor lobortis, lorem lacus sodales est, in maximus felis felis ac justo. Aliquam porttitor neque facilisis pellentesque sodales. Proin eu lectus in dolor finibus convallis in non felis. Nam tristique laoreet dui, nec facilisis lorem tempor id. Donec lacinia ante eu sodales egestas. In blandit volutpat ex nec faucibus.&#60;/p&#62;&#13;&#10;&#60;p style=&#34;text-align: justify;&#34;&#62;Nulla libero libero, finibus vitae rhoncus at, tempus eget nibh. Pellentesque dui augue, posuere ut accumsan non, consectetur a purus. Interdum et malesuada fames ac ante ipsum primis in faucibus. Quisque malesuada malesuada felis, eu aliquet massa iaculis ac. Cras tincidunt, nunc a pellentesque blandit, felis ex tincidunt eros, fermentum suscipit lorem dui id felis. Etiam vel vulputate libero. Fusce eget turpis nisl.&#60;/p&#62;&#13;&#10;&#60;p style=&#34;text-align: justify;&#34;&#62;Lorem ipsum dolor sit amet, consectetur adipiscing elit. Sed hendrerit libero ac lectus bibendum aliquam. Curabitur lacinia ullamcorper maximus. Donec et hendrerit augue. Nullam vitae mauris eu ipsum gravida cursus. Nulla a efficitur est. Pellentesque habitant morbi tristique senectus et netus et malesuada fames ac turpis egestas. Sed imperdiet congue lacus, non cursus urna. Proin ullamcorper enim at iaculis tempus. Etiam vitae euismod turpis, vel dictum augue. Nunc congue, felis nec ornare laoreet, ipsum diam tincidunt dui, ut dignissim nunc erat non eros. Cras tristique commodo nunc non commodo.&#60;/p&#62;&#13;&#10;&#60;p style=&#34;text-align: justify;&#34;&#62;Integer ut scelerisque leo, eu tincidunt magna. Nullam ut ante cursus, volutpat ipsum eget, pellentesque dolor. Sed aliquam pretium urna nec tempor. Sed sed faucibus est. Cras viverra fringilla est, sed volutpat nulla congue in. Cras suscipit nulla eros, convallis sollicitudin enim sollicitudin vitae. Etiam semper rutrum molestie. Fusce ornare dolor sit amet nunc faucibus eleifend eu sed enim. Nullam pulvinar augue lectus, at tempor neque dignissim id. Sed pulvinar venenatis mi, sed convallis lectus semper nec. Nunc ac diam massa. Vivamus aliquet luctus pharetra. Proin congue viverra nunc, et consectetur magna elementum a. Sed sit amet tellus nisl. Mauris vehicula purus imperdiet velit volutpat vehicula.&#60;/p&#62;&#13;&#10;&#60;p style=&#34;text-align: justify;&#34;&#62;Donec volutpat vehicula tellus. Nulla facilisi. Nullam et ex non ex pretium consectetur. Morbi eget ipsum sit amet justo mattis vestibulum ut dapibus sapien. Aliquam sagittis risus ligula, nec ultricies magna lacinia sit amet. Aliquam auctor nibh a ipsum molestie pulvinar. Integer fermentum ullamcorper egestas. Etiam euismod, orci et venenatis tempor, elit diam sollicitudin mauris, at ultricies sem nisl lacinia nunc.&#60;/p&#62;&#13;&#10;&#60;p style=&#34;text-align: justify;&#34;&#62;Sed tristique nisl ex. In sed elementum nulla, nec consectetur est. Donec rhoncus nibh mi, ac elementum ex euismod nec. Vestibulum in augue ac purus pulvinar aliquam ut sit amet enim. Sed rutrum leo erat, eget luctus ipsum pulvinar nec. Nam viverra faucibus ultrices. Curabitur elementum congue risus. Nullam at laoreet leo, quis congue elit. Quisque volutpat purus tortor, vitae elementum enim auctor sed. Aliquam mattis, risus non porttitor lobortis, lorem lacus sodales est, in maximus felis felis ac justo. Aliquam porttitor neque facilisis pellentesque sodales. Proin eu lectus in dolor finibus convallis in non felis. Nam tristique laoreet dui, nec facilisis lorem tempor id. Donec lacinia ante eu sodales egestas. In blandit volutpat ex nec faucibus.&#60;/p&#62;&#13;&#10;&#60;p style=&#34;text-align: justify;&#34;&#62;Nulla libero libero, finibus vitae rhoncus at, tempus eget nibh. Pellentesque dui augue, posuere ut accumsan non, consectetur a purus. Interdum et malesuada fames ac ante ipsum primis in faucibus. Quisque malesuada malesuada felis, eu aliquet massa iaculis ac. Cras tincidunt, nunc a pellentesque blandit, felis ex tincidunt eros, fermentum suscipit lorem dui id felis. Etiam vel vulputate libero. Fusce eget turpis nisl.&#60;/p&#62;&#13;&#10;&#60;p style=&#34;text-align: justify;&#34;&#62;Lorem ipsum dolor sit amet, consectetur adipiscing elit. Sed hendrerit libero ac lectus bibendum aliquam. Curabitur lacinia ullamcorper maximus. Donec et hendrerit augue. Nullam vitae mauris eu ipsum gravida cursus. Nulla a efficitur est. Pellentesque habitant morbi tristique senectus et netus et malesuada fames ac turpis egestas. Sed imperdiet congue lacus, non cursus urna. Proin ullamcorper enim at iaculis tempus. Etiam vitae euismod turpis, vel dictum augue. Nunc congue, felis nec ornare laoreet, ipsum diam tincidunt dui, ut dignissim nunc erat non eros. Cras tristique commodo nunc non commodo.&#60;/p&#62;&#13;&#10;&#60;p style=&#34;text-align: justify;&#34;&#62;Integer ut scelerisque leo, eu tincidunt magna. Nullam ut ante cursus, volutpat ipsum eget, pellentesque dolor. Sed aliquam pretium urna nec tempor. Sed sed faucibus est. Cras viverra fringilla est, sed volutpat nulla congue in. Cras suscipit nulla eros, convallis sollicitudin enim sollicitudin vitae. Etiam semper rutrum molestie. Fusce ornare dolor sit amet nunc faucibus eleifend eu sed enim. Nullam pulvinar augue lectus, at tempor neque dignissim id. Sed pulvinar venenatis mi, sed convallis lectus semper nec. Nunc ac diam massa. Vivamus aliquet luctus pharetra. Proin congue viverra nunc, et consectetur magna elementum a. Sed sit amet tellus nisl. Mauris vehicula purus imperdiet velit volutpat vehicula.&#60;/p&#62;&#13;&#10;&#60;p style=&#34;text-align: justify;&#34;&#62;Donec volutpat vehicula tellus. Nulla facilisi. Nullam et ex non ex pretium consectetur. Morbi eget ipsum sit amet justo mattis vestibulum ut dapibus sapien. Aliquam sagittis risus ligula, nec ultricies magna lacinia sit amet. Aliquam auctor nibh a ipsum molestie pulvinar. Integer fermentum ullamcorper egestas. Etiam euismod, orci et venenatis tempor, elit diam sollicitudin mauris, at ultricies sem nisl lacinia nunc.&#60;/p&#62;&#13;&#10;&#60;p style=&#34;text-align: justify;&#34;&#62;Sed tristique nisl ex. In sed elementum nulla, nec consectetur est. Donec rhoncus nibh mi, ac elementum ex euismod nec. Vestibulum in augue ac purus pulvinar aliquam ut sit amet enim. Sed rutrum leo erat, eget luctus ipsum pulvinar nec. Nam viverra faucibus ultrices. Curabitur elementum congue risus. Nullam at laoreet leo, quis congue elit. Quisque volutpat purus tortor, vitae elementum enim auctor sed. Aliquam mattis, risus non porttitor lobortis, lorem lacus sodales est, in maximus felis felis ac justo. Aliquam porttitor neque facilisis pellentesque sodales. Proin eu lectus in dolor finibus convallis in non felis. Nam tristique laoreet dui, nec facilisis lorem tempor id. Donec lacinia ante eu sodales egestas. In blandit volutpat ex nec faucibus.&#60;/p&#62;&#13;&#10;&#60;p style=&#34;text-align: justify;&#34;&#62;Nulla libero libero, finibus vitae rhoncus at, tempus eget nibh. Pellentesque dui augue, posuere ut accumsan non, consectetur a purus. Interdum et malesuada fames ac ante ipsum primis in faucibus. Quisque malesuada malesuada felis, eu aliquet massa iaculis ac. Cras tincidunt, nunc a pellentesque blandit, felis ex tincidunt eros, fermentum suscipit lorem dui id felis. Etiam vel vulputate libero. Fusce eget turpis nisl.&#60;/p&#62;&#13;&#10;&#60;p style=&#34;text-align: justify;&#34;&#62;Lorem ipsum dolor sit amet, consectetur adipiscing elit. Sed hendrerit libero ac lectus bibendum aliquam. Curabitur lacinia ullamcorper maximus. Donec et hendrerit augue. Nullam vitae mauris eu ipsum gravida cursus. Nulla a efficitur est. Pellentesque habitant morbi tristique senectus et netus et malesuada fames ac turpis egestas. Sed imperdiet congue lacus, non cursus urna. Proin ullamcorper enim at iaculis tempus. Etiam vitae euismod turpis, vel dictum augue. Nunc congue, felis nec ornare laoreet, ipsum diam tincidunt dui, ut dignissim nunc erat non eros. Cras tristique commodo nunc non commodo.&#60;/p&#62;&#13;&#10;&#60;p style=&#34;text-align: justify;&#34;&#62;Integer ut scelerisque leo, eu tincidunt magna. Nullam ut ante cursus, volutpat ipsum eget, pellentesque dolor. Sed aliquam pretium urna nec tempor. Sed sed faucibus est. Cras viverra fringilla est, sed volutpat nulla congue in. Cras suscipit nulla eros, convallis sollicitudin enim sollicitudin vitae. Etiam semper rutrum molestie. Fusce ornare dolor sit amet nunc faucibus eleifend eu sed enim. Nullam pulvinar augue lectus, at tempor neque dignissim id. Sed pulvinar venenatis mi, sed convallis lectus semper nec. Nunc ac diam massa. Vivamus aliquet luctus pharetra. Proin congue viverra nunc, et consectetur magna elementum a. Sed sit amet tellus nisl. Mauris vehicula purus imperdiet velit volutpat vehicula.&#60;/p&#62;&#13;&#10;&#60;p style=&#34;text-align: justify;&#34;&#62;Donec volutpat vehicula tellus. Nulla facilisi. Nullam et ex non ex pretium consectetur. Morbi eget ipsum sit amet justo mattis vestibulum ut dapibus sapien. Aliquam sagittis risus ligula, nec ultricies magna lacinia sit amet. Aliquam auctor nibh a ipsum molestie pulvinar. Integer fermentum ullamcorper egestas. Etiam euismod, orci et venenatis tempor, elit diam sollicitudin mauris, at ultricies sem nisl lacinia nunc.&#60;/p&#62;&#13;&#10;&#60;p style=&#34;text-align: justify;&#34;&#62;Sed tristique nisl ex. In sed elementum nulla, nec consectetur est. Donec rhoncus nibh mi, ac elementum ex euismod nec. Vestibulum in augue ac purus pulvinar aliquam ut sit amet enim. Sed rutrum leo erat, eget luctus ipsum pulvinar nec. Nam viverra faucibus ultrices. Curabitur elementum congue risus. Nullam at laoreet leo, quis congue elit. Quisque volutpat purus tortor, vitae elementum enim auctor sed. Aliquam mattis, risus non porttitor lobortis, lorem lacus sodales est, in maximus felis felis ac justo. Aliquam porttitor neque facilisis pellentesque sodales. Proin eu lectus in dolor finibus convallis in non felis. Nam tristique laoreet dui, nec facilisis lorem tempor id. Donec lacinia ante eu sodales egestas. In blandit volutpat ex nec faucibus.&#60;/p&#62;&#13;&#10;&#60;p style=&#34;text-align: justify;&#34;&#62;Nulla libero libero, finibus vitae rhoncus at, tempus eget nibh. Pellentesque dui augue, posuere ut accumsan non, consectetur a purus. Interdum et malesuada fames ac ante ipsum primis in faucibus. Quisque malesuada malesuada felis, eu aliquet massa iaculis ac. Cras tincidunt, nunc a pellentesque blandit, felis ex tincidunt eros, fermentum suscipit lorem dui id felis. Etiam vel vulputate libero. Fusce eget turpis nisl.&#60;/p&#62;&#13;&#10;&#60;p style=&#34;text-align: justify;&#34;&#62;Lorem ipsum dolor sit amet, consectetur adipiscing elit. Sed hendrerit libero ac lectus bibendum aliquam. Curabitur lacinia ullamcorper maximus. Donec et hendrerit augue. Nullam vitae mauris eu ipsum gravida cursus. Nulla a efficitur est. Pellentesque habitant morbi tristique senectus et netus et malesuada fames ac turpis egestas. Sed imperdiet congue lacus, non cursus urna. Proin ullamcorper enim at iaculis tempus. Etiam vitae euismod turpis, vel dictum augue. Nunc congue, felis nec ornare laoreet, ipsum diam tincidunt dui, ut dignissim nunc erat non eros. Cras tristique commodo nunc non commodo.&#60;/p&#62;&#13;&#10;&#60;p style=&#34;text-align: justify;&#34;&#62;Integer ut scelerisque leo, eu tincidunt magna. Nullam ut ante cursus, volutpat ipsum eget, pellentesque dolor. Sed aliquam pretium urna nec tempor. Sed sed faucibus est. Cras viverra fringilla est, sed volutpat nulla congue in. Cras suscipit nulla eros, convallis sollicitudin enim sollicitudin vitae. Etiam semper rutrum molestie. Fusce ornare dolor sit amet nunc faucibus eleifend eu sed enim. Nullam pulvinar augue lectus, at tempor neque dignissim id. Sed pulvinar venenatis mi, sed convallis lectus semper nec. Nunc ac diam massa. Vivamus aliquet luctus pharetra. Proin congue viverra nunc, et consectetur magna elementum a. Sed sit amet tellus nisl. Mauris vehicula purus imperdiet velit volutpat vehicula.&#60;/p&#62;&#13;&#10;&#60;p style=&#34;text-align: justify;&#34;&#62;Donec volutpat vehicula tellus. Nulla facilisi. Nullam et ex non ex pretium consectetur. Morbi eget ipsum sit amet justo mattis vestibulum ut dapibus sapien. Aliquam sagittis risus ligula, nec ultricies magna lacinia sit amet. Aliquam auctor nibh a ipsum molestie pulvinar. Integer fermentum ullamcorper egestas. Etiam euismod, orci et venenatis tempor, elit diam sollicitudin mauris, at ultricies sem nisl lacinia nunc.&#60;/p&#62;&#13;&#10;&#60;p style=&#34;text-align: justify;&#34;&#62;Sed tristique nisl ex. In sed elementum nulla, nec consectetur est. Donec rhoncus nibh mi, ac elementum ex euismod nec. Vestibulum in augue ac purus pulvinar aliquam ut sit amet enim. Sed rutrum leo erat, eget luctus ipsum pulvinar nec. Nam viverra faucibus ultrices. Curabitur elementum congue risus. Nullam at laoreet leo, quis congue elit. Quisque volutpat purus tortor, vitae elementum enim auctor sed. Aliquam mattis, risus non porttitor lobortis, lorem lacus sodales est, in maximus felis felis ac justo. Aliquam porttitor neque facilisis pellentesque sodales. Proin eu lectus in dolor finibus convallis in non felis. Nam tristique laoreet dui, nec facilisis lorem tempor id. Donec lacinia ante eu sodales egestas. In blandit volutpat ex nec faucibus.&#60;/p&#62;&#13;&#10;&#60;p style=&#34;text-align: justify;&#34;&#62;Nulla libero libero, finibus vitae rhoncus at, tempus eget nibh. Pellentesque dui augue, posuere ut accumsan non, consectetur a purus. Interdum et malesuada fames ac ante ipsum primis in faucibus. Quisque malesuada malesuada felis, eu aliquet massa iaculis ac. Cras tincidunt, nunc a pellentesque blandit, felis ex tincidunt eros, fermentum suscipit lorem dui id felis. Etiam vel vulputate libero. Fusce eget turpis nisl.&#60;/p&#62;&#13;&#10;&#60;p style=&#34;text-align: justify;&#34;&#62;Lorem ipsum dolor sit amet, consectetur adipiscing elit. Sed hendrerit libero ac lectus bibendum aliquam. Curabitur lacinia ullamcorper maximus. Donec et hendrerit augue. Nullam vitae mauris eu ipsum gravida cursus. Nulla a efficitur est. Pellentesque habitant morbi tristique senectus et netus et malesuada fames ac turpis egestas. Sed imperdiet congue lacus, non cursus urna. Proin ullamcorper enim at iaculis tempus. Etiam vitae euismod turpis, vel dictum augue. Nunc congue, felis nec ornare laoreet, ipsum diam tincidunt dui, ut dignissim nunc erat non eros. Cras tristique commodo nunc non commodo.&#60;/p&#62;&#13;&#10;&#60;p style=&#34;text-align: justify;&#34;&#62;Integer ut scelerisque leo, eu tincidunt magna. Nullam ut ante cursus, volutpat ipsum eget, pellentesque dolor. Sed aliquam pretium urna nec tempor. Sed sed faucibus est. Cras viverra fringilla est, sed volutpat nulla congue in. Cras suscipit nulla eros, convallis sollicitudin enim sollicitudin vitae. Etiam semper rutrum molestie. Fusce ornare dolor sit amet nunc faucibus eleifend eu sed enim. Nullam pulvinar augue lectus, at tempor neque dignissim id. Sed pulvinar venenatis mi, sed convallis lectus semper nec. Nunc ac diam massa. Vivamus aliquet luctus pharetra. Proin congue viverra nunc, et consectetur magna elementum a. Sed sit amet tellus nisl. Mauris vehicula purus imperdiet velit volutpat vehicula.&#60;/p&#62;&#13;&#10;&#60;p style=&#34;text-align: justify;&#34;&#62;Donec volutpat vehicula tellus. Nulla facilisi. Nullam et ex non ex pretium consectetur. Morbi eget ipsum sit amet justo mattis vestibulum ut dapibus sapien. Aliquam sagittis risus ligula, nec ultricies magna lacinia sit amet. Aliquam auctor nibh a ipsum molestie pulvinar. Integer fermentum ullamcorper egestas. Etiam euismod, orci et venenatis tempor, elit diam sollicitudin mauris, at ultricies sem nisl lacinia nunc.&#60;/p&#62;&#13;&#10;&#60;p style=&#34;text-align: justify;&#34;&#62;Sed tristique nisl ex. In sed elementum nulla, nec consectetur est. Donec rhoncus nibh mi, ac elementum ex euismod nec. Vestibulum in augue ac purus pulvinar aliquam ut sit amet enim. Sed rutrum leo erat, eget luctus ipsum pulvinar nec. Nam viverra faucibus ultrices. Curabitur elementum congue risus. Nullam at laoreet leo, quis congue elit. Quisque volutpat purus tortor, vitae elementum enim auctor sed. Aliquam mattis, risus non porttitor lobortis, lorem lacus sodales est, in maximus felis felis ac justo. Aliquam porttitor neque facilisis pellentesque sodales. Proin eu lectus in dolor finibus convallis in non felis. Nam tristique laoreet dui, nec facilisis lorem tempor id. Donec lacinia ante eu sodales egestas. In blandit volutpat ex nec faucibus.&#60;/p&#62;&#13;&#10;&#60;p style=&#34;text-align: justify;&#34;&#62;Nulla libero libero, finibus vitae rhoncus at, tempus eget nibh. Pellentesque dui augue, posuere ut accumsan non, consectetur a purus. Interdum et malesuada fames ac ante ipsum primis in faucibus. Quisque malesuada malesuada felis, eu aliquet massa iaculis ac. Cras tincidunt, nunc a pellentesque blandit, felis ex tincidunt eros, fermentum suscipit lorem dui id felis. Etiam vel vulputate libero. Fusce eget turpis nisl.&#60;/p&#62;&#13;&#10;&#60;p style=&#34;text-align: justify;&#34;&#62;Lorem ipsum dolor sit amet, consectetur adipiscing elit. Sed hendrerit libero ac lectus bibendum aliquam. Curabitur lacinia ullamcorper maximus. Donec et hendrerit augue. Nullam vitae mauris eu ipsum gravida cursus. Nulla a efficitur est. Pellentesque habitant morbi tristique senectus et netus et malesuada fames ac turpis egestas. Sed imperdiet congue lacus, non cursus urna. Proin ullamcorper enim at iaculis tempus. Etiam vitae euismod turpis, vel dictum augue. Nunc congue, felis nec ornare laoreet, ipsum diam tincidunt dui, ut dignissim nunc erat non eros. Cras tristique commodo nunc non commodo.&#60;/p&#62;&#13;&#10;&#60;p style=&#34;text-align: justify;&#34;&#62;Integer ut scelerisque leo, eu tincidunt magna. Nullam ut ante cursus, volutpat ipsum eget, pellentesque dolor. Sed aliquam pretium urna nec tempor. Sed sed faucibus est. Cras viverra fringilla est, sed volutpat nulla congue in. Cras suscipit nulla eros, convallis sollicitudin enim sollicitudin vitae. Etiam semper rutrum molestie. Fusce ornare dolor sit amet nunc faucibus eleifend eu sed enim. Nullam pulvinar augue lectus, at tempor neque dignissim id. Sed pulvinar venenatis mi, sed convallis lectus semper nec. Nunc ac diam massa. Vivamus aliquet luctus pharetra. Proin congue viverra nunc, et consectetur magna elementum a. Sed sit amet tellus nisl. Mauris vehicula purus imperdiet velit volutpat vehicula.&#60;/p&#62;&#13;&#10;&#60;p style=&#34;text-align: justify;&#34;&#62;Donec volutpat vehicula tellus. Nulla facilisi. Nullam et ex non ex pretium consectetur. Morbi eget ipsum sit amet justo mattis vestibulum ut dapibus sapien. Aliquam sagittis risus ligula, nec ultricies magna lacinia sit amet. Aliquam auctor nibh a ipsum molestie pulvinar. Integer fermentum ullamcorper egestas. Etiam euismod, orci et venenatis tempor, elit diam sollicitudin mauris, at ultricies sem nisl lacinia nunc.&#60;/p&#62;&#13;&#10;&#60;p style=&#34;text-align: justify;&#34;&#62;Sed tristique nisl ex. In sed elementum nulla, nec consectetur est. Donec rhoncus nibh mi, ac elementum ex euismod nec. Vestibulum in augue ac purus pulvinar aliquam ut sit amet enim. Sed rutrum leo erat, eget luctus ipsum pulvinar nec. Nam viverra faucibus ultrices. Curabitur elementum congue risus. Nullam at laoreet leo, quis congue elit. Quisque volutpat purus tortor, vitae elementum enim auctor sed. Aliquam mattis, risus non porttitor lobortis, lorem lacus sodales est, in maximus felis felis ac justo. Aliquam porttitor neque facilisis pellentesque sodales. Proin eu lectus in dolor finibus convallis in non felis. Nam tristique laoreet dui, nec facilisis lorem tempor id. Donec lacinia ante eu sodales egestas. In blandit volutpat ex nec faucibus.&#60;/p&#62;&#13;&#10;&#60;p style=&#34;text-align: justify;&#34;&#62;Nulla libero libero, finibus vitae rhoncus at, tempus eget nibh. Pellentesque dui augue, posuere ut accumsan non, consectetur a purus. Interdum et malesuada fames ac ante ipsum primis in faucibus. Quisque malesuada malesuada felis, eu aliquet massa iaculis ac. Cras tincidunt, nunc a pellentesque blandit, felis ex tincidunt eros, fermentum suscipit lorem dui id felis. Etiam vel vulputate libero. Fusce eget turpis nisl.&#60;/p&#62;&#13;&#10;&#60;p style=&#34;text-align: justify;&#34;&#62;Lorem ipsum dolor sit amet, consectetur adipiscing elit. Sed hendrerit libero ac lectus bibendum aliquam. Curabitur lacinia ullamcorper maximus. Donec et hendrerit augue. Nullam vitae mauris eu ipsum gravida cursus. Nulla a efficitur est. Pellentesque habitant morbi tristique senectus et netus et malesuada fames ac turpis egestas. Sed imperdiet congue lacus, non cursus urna. Proin ullamcorper enim at iaculis tempus. Etiam vitae euismod turpis, vel dictum augue. Nunc congue, felis nec ornare laoreet, ipsum diam tincidunt dui, ut dignissim nunc erat non eros. Cras tristique commodo nunc non commodo.&#60;/p&#62;&#13;&#10;&#60;p style=&#34;text-align: justify;&#34;&#62;Integer ut scelerisque leo, eu tincidunt magna. Nullam ut ante cursus, volutpat ipsum eget, pellentesque dolor. Sed aliquam pretium urna nec tempor. Sed sed faucibus est. Cras viverra fringilla est, sed volutpat nulla congue in. Cras suscipit nulla eros, convallis sollicitudin enim sollicitudin vitae. Etiam semper rutrum molestie. Fusce ornare dolor sit amet nunc faucibus eleifend eu sed enim. Nullam pulvinar augue lectus, at tempor neque dignissim id. Sed pulvinar venenatis mi, sed convallis lectus semper nec. Nunc ac diam massa. Vivamus aliquet luctus pharetra. Proin congue viverra nunc, et consectetur magna elementum a. Sed sit amet tellus nisl. Mauris vehicula purus imperdiet velit volutpat vehicula.&#60;/p&#62;&#13;&#10;&#60;p style=&#34;text-align: justify;&#34;&#62;Donec volutpat vehicula tellus. Nulla facilisi. Nullam et ex non ex pretium consectetur. Morbi eget ipsum sit amet justo mattis vestibulum ut dapibus sapien. Aliquam sagittis risus ligula, nec ultricies magna lacinia sit amet. Aliquam auctor nibh a ipsum molestie pulvinar. Integer fermentum ullamcorper egestas. Etiam euismod, orci et venenatis tempor, elit diam sollicitudin mauris, at ultricies sem nisl lacinia nunc.&#60;/p&#62;&#13;&#10;&#60;p style=&#34;text-align: justify;&#34;&#62;Sed tristique nisl ex. In sed elementum nulla, nec consectetur est. Donec rhoncus nibh mi, ac elementum ex euismod nec. Vestibulum in augue ac purus pulvinar aliquam ut sit amet enim. Sed rutrum leo erat, eget luctus ipsum pulvinar nec. Nam viverra faucibus ultrices. Curabitur elementum congue risus. Nullam at laoreet leo, quis congue elit. Quisque volutpat purus tortor, vitae elementum enim auctor sed. Aliquam mattis, risus non porttitor lobortis, lorem lacus sodales est, in maximus felis felis ac justo. Aliquam porttitor neque facilisis pellentesque sodales. Proin eu lectus in dolor finibus convallis in non felis. Nam tristique laoreet dui, nec facilisis lorem tempor id. Donec lacinia ante eu sodales egestas. In blandit volutpat ex nec faucibus.&#60;/p&#62;&#13;&#10;&#60;p style=&#34;text-align: justify;&#34;&#62;Nulla libero libero, finibus vitae rhoncus at, tempus eget nibh. Pellentesque dui augue, posuere ut accumsan non, consectetur a purus. Interdum et malesuada fames ac ante ipsum primis in faucibus. Quisque malesuada malesuada felis, eu aliquet massa iaculis ac. Cras tincidunt, nunc a pellentesque blandit, felis ex tincidunt eros, fermentum suscipit lorem dui id felis. Etiam vel vulputate libero. Fusce eget turpis nisl.&#60;/p&#62;&#13;&#10;&#60;p style=&#34;text-align: justify;&#34;&#62;Lorem ipsum dolor sit amet, consectetur adipiscing elit. Sed hendrerit libero ac lectus bibendum aliquam. Curabitur lacinia ullamcorper maximus. Donec et hendrerit augue. Nullam vitae mauris eu ipsum gravida cursus. Nulla a efficitur est. Pellentesque habitant morbi tristique senectus et netus et malesuada fames ac turpis egestas. Sed imperdiet congue lacus, non cursus urna. Proin ullamcorper enim at iaculis tempus. Etiam vitae euismod turpis, vel dictum augue. Nunc congue, felis nec ornare laoreet, ipsum diam tincidunt dui, ut dignissim nunc erat non eros. Cras tristique commodo nunc non commodo.&#60;/p&#62;&#13;&#10;&#60;p style=&#34;text-align: justify;&#34;&#62;Integer ut scelerisque leo, eu tincidunt magna. Nullam ut ante cursus, volutpat ipsum eget, pellentesque dolor. Sed aliquam pretium urna nec tempor. Sed sed faucibus est. Cras viverra fringilla est, sed volutpat nulla congue in. Cras suscipit nulla eros, convallis sollicitudin enim sollicitudin vitae. Etiam semper rutrum molestie. Fusce ornare dolor sit amet nunc faucibus eleifend eu sed enim. Nullam pulvinar augue lectus, at tempor neque dignissim id. Sed pulvinar venenatis mi, sed convallis lectus semper nec. Nunc ac diam massa. Vivamus aliquet luctus pharetra. Proin congue viverra nunc, et consectetur magna elementum a. Sed sit amet tellus nisl. Mauris vehicula purus imperdiet velit volutpat vehicula.&#60;/p&#62;&#13;&#10;&#60;p style=&#34;text-align: justify;&#34;&#62;Donec volutpat vehicula tellus. Nulla facilisi. Nullam et ex non ex pretium consectetur. Morbi eget ipsum sit amet justo mattis vestibulum ut dapibus sapien. Aliquam sagittis risus ligula, nec ultricies magna lacinia sit amet. Aliquam auctor nibh a ipsum molestie pulvinar. Integer fermentum ullamcorper egestas. Etiam euismod, orci et venenatis tempor, elit diam sollicitudin mauris, at ultricies sem nisl lacinia nunc.&#60;/p&#62;&#13;&#10;&#60;p style=&#34;text-align: justify;&#34;&#62;Sed tristique nisl ex. In sed elementum nulla, nec consectetur est. Donec rhoncus nibh mi, ac elementum ex euismod nec. Vestibulum in augue ac purus pulvinar aliquam ut sit amet enim. Sed rutrum leo erat, eget luctus ipsum pulvinar nec. Nam viverra faucibus ultrices. Curabitur elementum congue risus. Nullam at laoreet leo, quis congue elit. Quisque volutpat purus tortor, vitae elementum enim auctor sed. Aliquam mattis, risus non porttitor lobortis, lorem lacus sodales est, in maximus felis felis ac justo. Aliquam porttitor neque facilisis pellentesque sodales. Proin eu lectus in dolor finibus convallis in non felis. Nam tristique laoreet dui, nec facilisis lorem tempor id. Donec lacinia ante eu sodales egestas. In blandit volutpat ex nec faucibus.&#60;/p&#62;&#13;&#10;&#60;p style=&#34;text-align: justify;&#34;&#62;Nulla libero libero, finibus vitae rhoncus at, tempus eget nibh. Pellentesque dui augue, posuere ut accumsan non, consectetur a purus. Interdum et malesuada fames ac ante ipsum primis in faucibus. Quisque malesuada malesuada felis, eu aliquet massa iaculis ac. Cras tincidunt, nunc a pellentesque blandit, felis ex tincidunt eros, fermentum suscipit lorem dui id felis. Etiam vel vulputate libero. Fusce eget turpis nisl.&#60;/p&#62;&#13;&#10;&#60;p style=&#34;text-align: justify;&#34;&#62;Lorem ipsum dolor sit amet, consectetur adipiscing elit. Sed hendrerit libero ac lectus bibendum aliquam. Curabitur lacinia ullamcorper maximus. Donec et hendrerit augue. Nullam vitae mauris eu ipsum gravida cursus. Nulla a efficitur est. Pellentesque habitant morbi tristique senectus et netus et malesuada fames ac turpis egestas. Sed imperdiet congue lacus, non cursus urna. Proin ullamcorper enim at iaculis tempus. Etiam vitae euismod turpis, vel dictum augue. Nunc congue, felis nec ornare laoreet, ipsum diam tincidunt dui, ut dignissim nunc erat non eros. Cras tristique commodo nunc non commodo.&#60;/p&#62;&#13;&#10;&#60;p style=&#34;text-align: justify;&#34;&#62;Integer ut scelerisque leo, eu tincidunt magna. Nullam ut ante cursus, volutpat ipsum eget, pellentesque dolor. Sed aliquam pretium urna nec tempor. Sed sed faucibus est. Cras viverra fringilla est, sed volutpat nulla congue in. Cras suscipit nulla eros, convallis sollicitudin enim sollicitudin vitae. Etiam semper rutrum molestie. Fusce ornare dolor sit amet nunc faucibus eleifend eu sed enim. Nullam pulvinar augue lectus, at tempor neque dignissim id. Sed pulvinar venenatis mi, sed convallis lectus semper nec. Nunc ac diam massa. Vivamus aliquet luctus pharetra. Proin congue viverra nunc, et consectetur magna elementum a. Sed sit amet tellus nisl. Mauris vehicula purus imperdiet velit volutpat vehicula.&#60;/p&#62;&#13;&#10;&#60;p style=&#34;text-align: justify;&#34;&#62;Donec volutpat vehicula tellus. Nulla facilisi. Nullam et ex non ex pretium consectetur. Morbi eget ipsum sit amet justo mattis vestibulum ut dapibus sapien. Aliquam sagittis risus ligula, nec ultricies magna lacinia sit amet. Aliquam auctor nibh a ipsum molestie pulvinar. Integer fermentum ullamcorper egestas. Etiam euismod, orci et venenatis tempor, elit diam sollicitudin mauris, at ultricies sem nisl lacinia nunc.&#60;/p&#62;&#13;&#10;&#60;p style=&#34;text-align: justify;&#34;&#62;Sed tristique nisl ex. In sed elementum nulla, nec consectetur est. Donec rhoncus nibh mi, ac elementum ex euismod nec. Vestibulum in augue ac purus pulvinar aliquam ut sit amet enim. Sed rutrum leo erat, eget luctus ipsum pulvinar nec. Nam viverra faucibus ultrices. Curabitur elementum congue risus. Nullam at laoreet leo, quis congue elit. Quisque volutpat purus tortor, vitae elementum enim auctor sed. Aliquam mattis, risus non porttitor lobortis, lorem lacus sodales est, in maximus felis felis ac justo. Aliquam porttitor neque facilisis pellentesque sodales. Proin eu lectus in dolor finibus convallis in non felis. Nam tristique laoreet dui, nec facilisis lorem tempor id. Donec lacinia ante eu sodales egestas. In blandit volutpat ex nec faucibus.&#60;/p&#62;&#13;&#10;&#60;p style=&#34;text-align: justify;&#34;&#62;Nulla libero libero, finibus vitae rhoncus at, tempus eget nibh. Pellentesque dui augue, posuere ut accumsan non, consectetur a purus. Interdum et malesuada fames ac ante ipsum primis in faucibus. Quisque malesuada malesuada felis, eu aliquet massa iaculis ac. Cras tincidunt, nunc a pellentesque blandit, felis ex tincidunt eros, fermentum suscipit lorem dui id felis. Etiam vel vulputate libero. Fusce eget turpis nisl.&#60;/p&#62;&#13;&#10;&#60;p style=&#34;text-align: justify;&#34;&#62;Lorem ipsum dolor sit amet, consectetur adipiscing elit. Sed hendrerit libero ac lectus bibendum aliquam. Curabitur lacinia ullamcorper maximus. Donec et hendrerit augue. Nullam vitae mauris eu ipsum gravida cursus. Nulla a efficitur est. Pellentesque habitant morbi tristique senectus et netus et malesuada fames ac turpis egestas. Sed imperdiet congue lacus, non cursus urna. Proin ullamcorper enim at iaculis tempus. Etiam vitae euismod turpis, vel dictum augue. Nunc congue, felis nec ornare laoreet, ipsum diam tincidunt dui, ut dignissim nunc erat non eros. Cras tristique commodo nunc non commodo.&#60;/p&#62;&#13;&#10;&#60;p style=&#34;text-align: justify;&#34;&#62;Integer ut scelerisque leo, eu tincidunt magna. Nullam ut ante cursus, volutpat ipsum eget, pellentesque dolor. Sed aliquam pretium urna nec tempor. Sed sed faucibus est. Cras viverra fringilla est, sed volutpat nulla congue in. Cras suscipit nulla eros, convallis sollicitudin enim sollicitudin vitae. Etiam semper rutrum molestie. Fusce ornare dolor sit amet nunc faucibus eleifend eu sed enim. Nullam pulvinar augue lectus, at tempor neque dignissim id. Sed pulvinar venenatis mi, sed convallis lectus semper nec. Nunc ac diam massa. Vivamus aliquet luctus pharetra. Proin congue viverra nunc, et consectetur magna elementum a. Sed sit amet tellus nisl. Mauris vehicula purus imperdiet velit volutpat vehicula.&#60;/p&#62;&#13;&#10;&#60;p style=&#34;text-align: justify;&#34;&#62;Donec volutpat vehicula tellus. Nulla facilisi. Nullam et ex non ex pretium consectetur. Morbi eget ipsum sit amet justo mattis vestibulum ut dapibus sapien. Aliquam sagittis risus ligula, nec ultricies magna lacinia sit amet. Aliquam auctor nibh a ipsum molestie pulvinar. Integer fermentum ullamcorper egestas. Etiam euismod, orci et venenatis tempor, elit diam sollicitudin mauris, at ultricies sem nisl lacinia nunc.&#60;/p&#62;&#13;&#10;&#60;p style=&#34;text-align: justify;&#34;&#62;Sed tristique nisl ex. In sed elementum nulla, nec consectetur est. Donec rhoncus nibh mi, ac elementum ex euismod nec. Vestibulum in augue ac purus pulvinar aliquam ut sit amet enim. Sed rutrum leo erat, eget luctus ipsum pulvinar nec. Nam viverra faucibus ultrices. Curabitur elementum congue risus. Nullam at laoreet leo, quis congue elit. Quisque volutpat purus tortor, vitae elementum enim auctor sed. Aliquam mattis, risus non porttitor lobortis, lorem lacus sodales est, in maximus felis felis ac justo. Aliquam porttitor neque facilisis pellentesque sodales. Proin eu lectus in dolor finibus convallis in non felis. Nam tristique laoreet dui, nec facilisis lorem tempor id. Donec lacinia ante eu sodales egestas. In blandit volutpat ex nec faucibus.&#60;/p&#62;&#13;&#10;&#60;p style=&#34;text-align: justify;&#34;&#62;Nulla libero libero, finibus vitae rhoncus at, tempus eget nibh. Pellentesque dui augue, posuere ut accumsan non, consectetur a purus. Interdum et malesuada fames ac ante ipsum primis in faucibus. Quisque malesuada malesuada felis, eu aliquet massa iaculis ac. Cras tincidunt, nunc a pellentesque blandit, felis ex tincidunt eros, fermentum suscipit lorem dui id felis. Etiam vel vulputate libero. Fusce eget turpis nisl.&#60;/p&#62;&#13;&#10;&#60;p style=&#34;text-align: justify;&#34;&#62;Lorem ipsum dolor sit amet, consectetur adipiscing elit. Sed hendrerit libero ac lectus bibendum aliquam. Curabitur lacinia ullamcorper maximus. Donec et hendrerit augue. Nullam vitae mauris eu ipsum gravida cursus. Nulla a efficitur est. Pellentesque habitant morbi tristique senectus et netus et malesuada fames ac turpis egestas. Sed imperdiet congue lacus, non cursus urna. Proin ullamcorper enim at iaculis tempus. Etiam vitae euismod turpis, vel dictum augue. Nunc congue, felis nec ornare laoreet, ipsum diam tincidunt dui, ut dignissim nunc erat non eros. Cras tristique commodo nunc non commodo.&#60;/p&#62;&#13;&#10;&#60;p style=&#34;text-align: justify;&#34;&#62;Integer ut scelerisque leo, eu tincidunt magna. Nullam ut ante cursus, volutpat ipsum eget, pellentesque dolor. Sed aliquam pretium urna nec tempor. Sed sed faucibus est. Cras viverra fringilla est, sed volutpat nulla congue in. Cras suscipit nulla eros, convallis sollicitudin enim sollicitudin vitae. Etiam semper rutrum molestie. Fusce ornare dolor sit amet nunc faucibus eleifend eu sed enim. Nullam pulvinar augue lectus, at tempor neque dignissim id. Sed pulvinar venenatis mi, sed convallis lectus semper nec. Nunc ac diam massa. Vivamus aliquet luctus pharetra. Proin congue viverra nunc, et consectetur magna elementum a. Sed sit amet tellus nisl. Mauris vehicula purus imperdiet velit volutpat vehicula.&#60;/p&#62;&#13;&#10;&#60;p style=&#34;text-align: justify;&#34;&#62;Donec volutpat vehicula tellus. Nulla facilisi. Nullam et ex non ex pretium consectetur. Morbi eget ipsum sit amet justo mattis vestibulum ut dapibus sapien. Aliquam sagittis risus ligula, nec ultricies magna lacinia sit amet. Aliquam auctor nibh a ipsum molestie pulvinar. Integer fermentum ullamcorper egestas. Etiam euismod, orci et venenatis tempor, elit diam sollicitudin mauris, at ultricies sem nisl lacinia nunc.&#60;/p&#62;&#13;&#10;&#60;p style=&#34;text-align: justify;&#34;&#62;Sed tristique nisl ex. In sed elementum nulla, nec consectetur est. Donec rhoncus nibh mi, ac elementum ex euismod nec. Vestibulum in augue ac purus pulvinar aliquam ut sit amet enim. Sed rutrum leo erat, eget luctus ipsum pulvinar nec. Nam viverra faucibus ultrices. Curabitur elementum congue risus. Nullam at laoreet leo, quis congue elit. Quisque volutpat purus tortor, vitae elementum enim auctor sed. Aliquam mattis, risus non porttitor lobortis, lorem lacus sodales est, in maximus felis felis ac justo. Aliquam porttitor neque facilisis pellentesque sodales. Proin eu lectus in dolor finibus convallis in non felis. Nam tristique laoreet dui, nec facilisis lorem tempor id. Donec lacinia ante eu sodales egestas. In blandit volutpat ex nec faucibus.&#60;/p&#62;&#13;&#10;&#60;p style=&#34;text-align: justify;&#34;&#62;Nulla libero libero, finibus vitae rhoncus at, tempus eget nibh. Pellentesque dui augue, posuere ut accumsan non, consectetur a purus. Interdum et malesuada fames ac ante ipsum primis in faucibus. Quisque malesuada malesuada felis, e.&#60;/p&#62;', '', '', '', '1', '', 0, '12/10/2016 16:29:52', '12/10/2016 17:01:44', 1, 0);
INSERT INTO `conteudo` (`id`, `titulo`, `titulo_url`, `texto`, `fontes`, `categoria`, `categoria_url`, `autor`, `imagem`, `galeria_id`, `data`, `data_mod`, `status`, `rascunho`) VALUES
(30, 'Fotos das Modelos Selecionadas', 'fotos-das-modelos-selecionadas', '&#60;p&#62;Fotos.&#60;/p&#62;', '', '', '', '1', '95e4a7d8d473a9ac663f00efb5aeccd6.jpg', 2, '16/10/2016 11:46:38', '22/10/2016 12:36:57', 1, 0),
(33, 'Incorporar Galeria 2', 'incorporar-galeria-2', '&#60;p&#62;Sed tristique nisl ex. In sed elementum nulla, nec consectetur est. Donec rhoncus nibh mi, ac elementum ex euismod nec. Vestibulum in augue ac purus pulvinar aliquam ut sit amet enim. Sed rutrum leo erat, eget luctus ipsum pulvinar nec. Nam viverra faucibus ultrices. Curabitur elementum congue risus. Nullam at laoreet leo, quis congue elit. Quisque volutpat purus tortor, vitae elementum enim auctor sed. Aliquam mattis, risus non porttitor lobortis, lorem lacus sodales est, in maximus felis felis ac justo. Aliquam porttitor neque facilisis pellentesque sodales. Proin eu lectus in dolor finibus convallis in non felis. Nam tristique laoreet dui, nec facilisis lorem tempor id. Donec lacinia ante eu sodales egestas. In blandit volutpat ex nec faucibus.&#60;/p&#62;', '', '', '', '1', 'e5db567212e7ec7b18ce33e1367635b2.jpg', 0, '16/10/2016 11:50:42', '22/10/2016 12:36:28', 1, 0),
(34, 'Curabitur tincidunt massa eget odio accumsan, non congue tortor fermentum.', 'curabitur-tincidunt-massa-eget-odio-accumsan-non-congue-tortor-fermentum', '&#60;p&#62;Sed tristique nisl ex. In sed elementum nulla, nec consectetur est. Donec rhoncus nibh mi, ac elementum ex euismod nec. Vestibulum in augue ac purus pulvinar aliquam ut sit amet enim. Sed rutrum leo erat, eget luctus ipsum pulvinar nec. Nam viverra faucibus ultrices. Curabitur elementum congue risus. Nullam at laoreet leo, quis congue elit. Quisque volutpat purus tortor, vitae elementum enim auctor sed. Aliquam mattis, risus non porttitor lobortis, lorem lacus sodales est, in maximus felis felis ac justo. Aliquam porttitor neque facilisis pellentesque sodales. Proin eu lectus in dolor finibus convallis in non felis. Nam tristique laoreet dui, nec facilisis lorem tempor id. Donec lacinia ante eu sodales egestas. In blandit volutpat ex nec faucibus.&#60;/p&#62;&#13;&#10;&#60;pre class=&#34;language-javascript&#34;&#62;&#60;code&#62;if (isset($_GET[&#39;update_bloco&#39;])):&#13;&#10;    $id = filter_input(INPUT_GET, &#39;id&#39;, FILTER_SANITIZE_STRING);&#13;&#10;    $nome = filter_input(INPUT_POST, &#39;nome&#39;, FILTER_SANITIZE_STRING);&#13;&#10;    $conteudo = filter_input(INPUT_POST, &#39;conteudo&#39;, FILTER_SANITIZE_SPECIAL_CHARS);&#13;&#10;&#13;&#10;    $attributes = [&#13;&#10;        &#39;nome&#39; =&#38;gt; $nome,&#13;&#10;        &#39;conteudo&#39; =&#38;gt; $conteudo&#13;&#10;    ];&#13;&#10;&#13;&#10;    $updBloco = atualizar($id, &#34;blocos&#34;, $attributes);&#13;&#10;&#13;&#10;    if ($updBloco = TRUE):&#13;&#10;        $_SESSION[&#39;msgUpdate&#39;] = &#39;Atualizado com Sucesso!&#39;;&#13;&#10;    else:&#13;&#10;        $_SESSION[&#39;msgUpdate&#39;] = &#39;Erro ao Atualizar!&#39;;&#13;&#10;    endif;&#13;&#10;    header(&#39;Location: &#39; . LinkWidBlocos);&#13;&#10;    exit;&#13;&#10;endif;&#60;/code&#62;&#60;/pre&#62;', '', 'Internet', 'internet', '1', '3aea382983595068ecd838063201d040.png', 4, '18/10/2016 13:38:48', '02/06/2017 11:16:16', 1, 1),
(35, 'Incorporar Galeria 2', 'incorporar-galeria-2', '&#60;p&#62;postagem duplicada&#60;/p&#62;', '', 'E-Sports', 'e-sports', '1', '37a0d4a56c0dfe99e317cef98c2c3d27.jpg', 0, '13/06/2017 12:48:56', '13/06/2017 18:41:52', 1, 0),
(36, 'Fim de Seleção, Resultado e Candidatos Aprovados', 'fim-de-selecao-resultado-e-candidatos-aprovados', '&#60;p style=&#34;text-align: justify;&#34;&#62;&#60;span style=&#34;font-size: inherit;&#34;&#62;&#60;strong&#62;Donec&#60;/strong&#62; volutpat vehicula tellus. Nulla facilisi. Nullam et ex non ex pretium consectetur. Morbi eget ipsum sit amet justo mattis vestibulum ut dapibus sapien. Aliquam sagittis risus ligula, nec ultricies magna lacinia sit amet. Aliquam auctor nibh a ipsum molestie pulvinar. Integer fermentum ullamcorper egestas. Etiam euismod, orci et venenatis tempor, elit diam sollicitudin mauris, at ultricies sem nisl lacinia nunc.&#60;/span&#62;&#60;/p&#62;&#13;&#10;&#60;p style=&#34;text-align: justify;&#34;&#62;&#60;span style=&#34;font-size: inherit;&#34;&#62;Sed tristique nisl ex. In sed elementum nulla, nec consectetur est. Donec rhoncus nibh mi, ac elementum ex euismod nec. Vestibulum in augue ac purus pulvinar aliquam ut sit amet enim. Sed rutrum leo erat, eget luctus ipsum pulvinar nec. Nam viverra faucibus ultrices. Curabitur elementum congue risus. Nullam at laoreet leo, quis congue elit. Quisque volutpat purus tortor, vitae elementum enim auctor sed. Aliquam mattis, risus non porttitor lobortis, lorem lacus sodales est, in maximus felis felis ac justo.&#38;nbsp;&#60;/span&#62;&#60;/p&#62;&#13;&#10;&#60;p style=&#34;text-align: justify;&#34;&#62;Resultado final, tres candidatos aprovados:&#60;/p&#62;&#13;&#10;&#60;table class=&#34; highlight&#34; style=&#34;background-color: #cccccc; border-color: #0046bf; height: 124px;&#34; width=&#34;683&#34;&#62;&#13;&#10;&#60;thead class=&#34;blue&#34;&#62;&#13;&#10;&#60;tr style=&#34;height: 20px; border-color: #ff0000;&#34;&#62;&#13;&#10;&#60;td style=&#34;height: 45px; width: 210px;&#34;&#62;&#60;span style=&#34;color: #ffffff; font-size: 14pt;&#34;&#62;Nome&#60;/span&#62;&#60;/td&#62;&#13;&#10;&#60;td style=&#34;height: 45px; width: 204px; text-align: center;&#34;&#62;&#60;span style=&#34;font-size: 14pt; color: #ffffff;&#34;&#62;Idade&#60;/span&#62;&#60;/td&#62;&#13;&#10;&#60;td style=&#34;height: 45px; width: 178px; text-align: center;&#34;&#62;&#60;span style=&#34;font-size: 14pt; color: #ffffff;&#34;&#62;Nota&#60;/span&#62;&#60;/td&#62;&#13;&#10;&#60;td style=&#34;height: 45px; width: 300px; text-align: center;&#34;&#62;&#60;span style=&#34;font-size: 14pt; color: #ffffff;&#34;&#62;Curso&#60;/span&#62;&#60;/td&#62;&#13;&#10;&#60;/tr&#62;&#13;&#10;&#60;/thead&#62;&#13;&#10;&#60;tbody&#62;&#13;&#10;&#60;tr style=&#34;height: 20px;&#34;&#62;&#13;&#10;&#60;td style=&#34;background-color: #446685; width: 210px;&#34;&#62;&#60;span style=&#34;color: #ffffff;&#34;&#62;Fabio Coltinho&#60;/span&#62;&#60;/td&#62;&#13;&#10;&#60;td style=&#34;background-color: #c2daff; width: 204px; text-align: center;&#34;&#62;25&#60;/td&#62;&#13;&#10;&#60;td style=&#34;background-color: #c2daff; width: 178px; text-align: center;&#34;&#62;9,8&#60;/td&#62;&#13;&#10;&#60;td style=&#34;background-color: #c2daff; width: 300px; text-align: center;&#34;&#62;Fisica&#60;/td&#62;&#13;&#10;&#60;/tr&#62;&#13;&#10;&#60;tr style=&#34;height: 20px;&#34;&#62;&#13;&#10;&#60;td style=&#34;background-color: #446685; width: 210px;&#34;&#62;&#60;span style=&#34;color: #ffffff;&#34;&#62;Pricila Malta&#60;/span&#62;&#60;/td&#62;&#13;&#10;&#60;td style=&#34;background-color: #c2daff; width: 204px; text-align: center;&#34;&#62;20&#60;/td&#62;&#13;&#10;&#60;td style=&#34;background-color: #c2daff; width: 178px; text-align: center;&#34;&#62;9,6&#60;/td&#62;&#13;&#10;&#60;td style=&#34;background-color: #c2daff; width: 300px; text-align: center;&#34;&#62;Engenharia&#60;/td&#62;&#13;&#10;&#60;/tr&#62;&#13;&#10;&#60;tr style=&#34;height: 20px;&#34;&#62;&#13;&#10;&#60;td style=&#34;background-color: #446685; width: 210px;&#34;&#62;&#60;span style=&#34;color: #ffffff;&#34;&#62;Marcos Souza&#60;/span&#62;&#60;/td&#62;&#13;&#10;&#60;td style=&#34;background-color: #c2daff; width: 204px; text-align: center;&#34;&#62;28&#60;/td&#62;&#13;&#10;&#60;td style=&#34;background-color: #c2daff; width: 178px; text-align: center;&#34;&#62;9,5&#60;/td&#62;&#13;&#10;&#60;td style=&#34;background-color: #c2daff; width: 300px; text-align: center;&#34;&#62;Robotica&#60;/td&#62;&#13;&#10;&#60;/tr&#62;&#13;&#10;&#60;/tbody&#62;&#13;&#10;&#60;/table&#62;&#13;&#10;&#60;p style=&#34;text-align: justify;&#34;&#62;Aliquam porttitor neque facilisis pellentesque sodales. Proin eu lectus in dolor finibus convallis in non felis. Nam tristique laoreet dui, nec facilisis lorem tempor id. Donec lacinia ante eu sodales egestas. In blandit volutpat ex nec faucibus. Nulla libero libero, &#60;strong&#62;finibus&#60;/strong&#62; vitae rhoncus at, tempus eget nibh. Pellentesque dui augue, posuere ut accumsan non, consectetur a purus. Interdum et malesuada fames ac ante ipsum primis in faucibus. Quisque malesuada malesuada felis, eu aliquet massa iaculis ac. Cras tincidunt, nunc a pellentesque blandit, felis ex tincidunt eros, fermentum suscipit lorem dui id felis. Etiam vel vulputate libero. Fusce eget turpis nisl.&#60;/p&#62;', 'Secretaria de Educação - Governo do Estado', '', '', '1', 'de9e47f40d025e1a5eb10076c24dc5a0.JPG', 0, '01/07/2017 15:38:53', '12/07/2017 02:05:11', 1, 0),
(38, 'Teste de Rascunho', 'teste-de-rascunho', '<p>O trecho padr&atilde;o original de Lorem Ipsum, usado desde o s&eacute;culo XVI, est&aacute; reproduzido abaixo para os interessados. Se&ccedil;&otilde;es 1.10.32 e 1.10.33 de "de Finibus Bonorum et Malorum" de Cicero tamb&eacute;m foram reproduzidas abaixo em sua forma exata original, acompanhada das vers&otilde;es para o ingl&ecirc;s da tradu&ccedil;&atilde;o feita por H. Rackham em 1914.</p>', 'Rascunho oculto para revisão', '', '', '1', '', 0, '11/07/2017 23:31:37', '', 1, 1),
(39, 'teste rascunho novo rascunho', 'teste-rascunho-novo-rascunho', '&#60;p&#62;O trecho padr&#38;atilde;o original de Lorem Ipsum, usado desde o s&#38;eacute;culo XVI, est&#38;aacute; reproduzido abaixo para os interessados. Se&#38;ccedil;&#38;otilde;es 1.10.32 e 1.10.33 de &#34;de Finibus Bonorum et Malorum&#34; de Cicero tamb&#38;eacute;m foram reproduzidas abaixo em sua forma exata original, acompanhada das vers&#38;otilde;es para o ingl&#38;ecirc;s da tradu&#38;ccedil;&#38;atilde;o feita por H. Rackham em 1914.&#60;/p&#62;', 'testando ...', '', '', '1', '', 0, '11/07/2017 23:32:28', '12/07/2017 02:05:23', 0, 1),
(40, 'Teste de rascunho e data de atualização', 'teste-de-rascunho-e-data-de-atualizacao', '<p>Lorem ipsum dolor sit amet, consectetur adipiscing elit. Sed hendrerit libero ac lectus bibendum aliquam. Curabitur lacinia ullamcorper maximus. Donec et hendrerit augue. Nullam vitae mauris eu ipsum gravida cursus. Nulla a efficitur est. Pellentesque habitant morbi tristique senectus et netus et malesuada fames ac turpis egestas. Sed imperdiet congue lacus, non cursus urna. Proin ullamcorper enim at iaculis tempus. Etiam vitae euismod turpis, vel dictum augue. Nunc congue, felis nec ornare laoreet, ipsum diam tincidunt dui, ut dignissim nunc erat non eros. Cras tristique commodo nunc non commodo.</p>\r\n<p>Integer ut scelerisque leo, eu tincidunt magna. Nullam ut ante cursus, volutpat ipsum eget, pellentesque dolor. Sed aliquam pretium urna nec tempor. Sed sed faucibus est. Cras viverra fringilla est, sed volutpat nulla congue in. Cras suscipit nulla eros, convallis sollicitudin enim sollicitudin vitae. Etiam semper rutrum molestie. Fusce ornare dolor sit amet nunc faucibus eleifend eu sed enim. Nullam pulvinar augue lectus, at tempor neque dignissim id. Sed pulvinar venenatis mi, sed convallis lectus semper nec. Nunc ac diam massa. Vivamus aliquet luctus pharetra. Proin congue viverra nunc, et consectetur magna elementum a. Sed sit amet tellus nisl. Mauris vehicula purus imperdiet velit volutpat vehicula.</p>\r\n<p>Donec volutpat vehicula tellus. Nulla facilisi. Nullam et ex non ex pretium consectetur. Morbi eget ipsum sit amet justo mattis vestibulum ut dapibus sapien. Aliquam sagittis risus ligula, nec ultricies magna lacinia sit amet. Aliquam auctor nibh a ipsum molestie pulvinar. Integer fermentum ullamcorper egestas. Etiam euismod, orci et venenatis tempor, elit diam sollicitudin mauris, at ultricies sem nisl lacinia nunc.</p>\r\n<p>Sed tristique nisl ex. In sed elementum nulla, nec consectetur est. Donec rhoncus nibh mi, ac elementum ex euismod nec. Vestibulum in augue ac purus pulvinar aliquam ut sit amet enim. Sed rutrum leo erat, eget luctus ipsum pulvinar nec. Nam viverra faucibus ultrices. Curabitur elementum congue risus. Nullam at laoreet leo, quis congue elit. Quisque volutpat purus tortor, vitae elementum enim auctor sed. Aliquam mattis, risus non porttitor lobortis, lorem lacus sodales est, in maximus felis felis ac justo. Aliquam porttitor neque facilisis pellentesque sodales. Proin eu lectus in dolor finibus convallis in non felis. Nam tristique laoreet dui, nec facilisis lorem tempor id. Donec lacinia ante eu sodales egestas. In blandit volutpat ex nec faucibus.</p>\r\n<p>Nulla libero libero, finibus vitae rhoncus at, tempus eget nibh. Pellentesque dui augue, posuere ut accumsan non, consectetur a purus. Interdum et malesuada fames ac ante ipsum primis in faucibus. Quisque malesuada malesuada felis, eu aliquet massa iaculis ac. Cras tincidunt, nunc a pellentesque blandit, felis ex tincidunt eros, fermentum suscipit lorem dui id felis. Etiam vel vulputate libero. Fusce eget turpis nisl.</p>\r\n<p>Lorem ipsum dolor sit amet, consectetur adipiscing elit. Sed hendrerit libero ac lectus bibendum aliquam. Curabitur lacinia ullamcorper maximus. Donec et hendrerit augue. Nullam vitae mauris eu ipsum gravida cursus. Nulla a efficitur est. Pellentesque habitant morbi tristique senectus et netus et malesuada fames ac turpis egestas. Sed imperdiet congue lacus, non cursus urna. Proin ullamcorper enim at iaculis tempus. Etiam vitae euismod turpis, vel dictum augue. Nunc congue, felis nec ornare laoreet, ipsum diam tincidunt dui, ut dignissim nunc erat non eros. Cras tristique commodo nunc non commodo.</p>', 'Da Redação', '', '', '1', '', 0, '24/07/2017 11:39:15', '', 0, 1),
(41, 'Teste de rascunho e data de atualização', 'teste-de-rascunho-e-data-de-atualizacao', '&#60;p&#62;Lorem ipsum dolor sit amet, consectetur adipiscing elit. Sed hendrerit libero ac lectus bibendum aliquam. Curabitur lacinia ullamcorper maximus. Donec et hendrerit augue. Nullam vitae mauris eu ipsum gravida cursus. Nulla a efficitur est. Pellentesque habitant morbi tristique senectus et netus et malesuada fames ac turpis egestas. Sed imperdiet congue lacus, non cursus urna. Proin ullamcorper enim at iaculis tempus. Etiam vitae euismod turpis, vel dictum augue. Nunc congue, felis nec ornare laoreet, ipsum diam tincidunt dui, ut dignissim nunc erat non eros. Cras tristique commodo nunc non commodo.&#60;/p&#62;&#13;&#10;&#60;p&#62;&#60;video style=&#34;display: block; margin-left: auto; margin-right: auto;&#34; controls=&#34;controls&#34; width=&#34;720&#34; height=&#34;360&#34;&#62;&#13;&#10;&#60;source src=&#34;../../../assets/upload/videos/GoT.mp4&#34; type=&#34;video/mp4&#34; /&#62;&#60;/video&#62;&#60;/p&#62;&#13;&#10;&#60;p&#62;Integer ut scelerisque leo, eu tincidunt magna. Nullam ut ante cursus, volutpat ipsum eget, pellentesque dolor. Sed aliquam pretium urna nec tempor. Sed sed faucibus est. Cras viverra fringilla est, sed volutpat nulla congue in. Cras suscipit nulla eros, convallis sollicitudin enim sollicitudin vitae. Etiam semper rutrum molestie. Fusce ornare dolor sit amet nunc faucibus eleifend eu sed enim. Nullam pulvinar augue lectus, at tempor neque dignissim id. Sed pulvinar venenatis mi, sed convallis lectus semper nec. Nunc ac diam massa. Vivamus aliquet luctus pharetra. Proin congue viverra nunc, et consectetur magna elementum a. Sed sit amet tellus nisl. Mauris vehicula purus imperdiet velit volutpat vehicula.&#60;/p&#62;&#13;&#10;&#60;p&#62;Donec volutpat vehicula tellus. Nulla facilisi. Nullam et ex non ex pretium consectetur. Morbi eget ipsum sit amet justo mattis vestibulum ut dapibus sapien. Aliquam sagittis risus ligula, nec ultricies magna lacinia sit amet. Aliquam auctor nibh a ipsum molestie pulvinar. Integer fermentum ullamcorper egestas. Etiam euismod, orci et venenatis tempor, elit diam sollicitudin mauris, at ultricies sem nisl lacinia nunc.&#60;/p&#62;&#13;&#10;&#60;p&#62;Sed tristique nisl ex. In sed elementum nulla, nec consectetur est. Donec rhoncus nibh mi, ac elementum ex euismod nec. Vestibulum in augue ac purus pulvinar aliquam ut sit amet enim. Sed rutrum leo erat, eget luctus ipsum pulvinar nec. Nam viverra faucibus ultrices. Curabitur elementum congue risus. Nullam at laoreet leo, quis congue elit. Quisque volutpat purus tortor, vitae elementum enim auctor sed. Aliquam mattis, risus non porttitor lobortis, lorem lacus sodales est, in maximus felis felis ac justo. Aliquam porttitor neque facilisis pellentesque sodales. Proin eu lectus in dolor finibus convallis in non felis. Nam tristique laoreet dui, nec facilisis lorem tempor id. Donec lacinia ante eu sodales egestas. In blandit volutpat ex nec faucibus.&#60;/p&#62;&#13;&#10;&#60;p&#62;Nulla libero libero, finibus vitae rhoncus at, tempus eget nibh. Pellentesque dui augue, posuere ut accumsan non, consectetur a purus. Interdum et malesuada fames ac ante ipsum primis in faucibus. Quisque malesuada malesuada felis, eu aliquet massa iaculis ac. Cras tincidunt, nunc a pellentesque blandit, felis ex tincidunt eros, fermentum suscipit lorem dui id felis. Etiam vel vulputate libero. Fusce eget turpis nisl.&#60;/p&#62;&#13;&#10;&#60;p&#62;Lorem ipsum dolor sit amet, consectetur adipiscing elit. Sed hendrerit libero ac lectus bibendum aliquam. Curabitur lacinia ullamcorper maximus. Donec et hendrerit augue. Nullam vitae mauris eu ipsum gravida cursus. Nulla a efficitur est. Pellentesque habitant morbi tristique senectus et netus et malesuada fames ac turpis egestas. Sed imperdiet congue lacus, non cursus urna. Proin ullamcorper enim at iaculis tempus. Etiam vitae euismod turpis, vel dictum augue. Nunc congue, felis nec ornare laoreet, ipsum diam tincidunt dui, ut dignissim nunc erat non eros. Cras tristique commodo nunc non commodo.&#60;/p&#62;', 'Da Redação - [url=http://cmsbasic.com]Notícias Online[/url] - [b][i][u]Jornal[/u][/i][/b]', '', '', '1', '', 0, '24/07/2017 11:41:41', '24/07/2017 13:41:47', 1, 0);

-- --------------------------------------------------------

--
-- Estrutura da tabela `galerias`
--

CREATE TABLE `galerias` (
  `id` int(11) NOT NULL,
  `titulo` varchar(255) COLLATE utf8_unicode_ci NOT NULL,
  `titulo_url` varchar(255) COLLATE utf8_unicode_ci NOT NULL,
  `descricao` text COLLATE utf8_unicode_ci NOT NULL,
  `autor` int(11) NOT NULL,
  `data` varchar(20) COLLATE utf8_unicode_ci NOT NULL,
  `status` int(11) NOT NULL DEFAULT '0'
) ENGINE=MyISAM DEFAULT CHARSET=utf8 COLLATE=utf8_unicode_ci;

--
-- Extraindo dados da tabela `galerias`
--

INSERT INTO `galerias` (`id`, `titulo`, `titulo_url`, `descricao`, `autor`, `data`, `status`) VALUES
(1, 'Minhas Imagens', 'minhas-imagens', 'Existem muitas variações disponíveis de passagens de Lorem Ipsum, mas a maioria sofreu algum tipo de alteração, seja por inserção de passagens com humor, ou palavras aleatórias que não parecem nem um pouco convincentes.', 1, '12/10/2016 16:05:08', 1),
(2, 'Modelos', 'modelos', 'Curabitur tincidunt massa eget odio accumsan, non congue tortor fermentum.', 1, '13/10/2016 01:02:58', 1),
(4, 'Minha Galeria', 'minha-galeria', 'minha galeria', 2, '21/10/2016 18:22:54', 1),
(5, 'Notícias Online', 'noticias-online', 'teste', 1, '03/07/2017 23:46:57', 1);

-- --------------------------------------------------------

--
-- Estrutura da tabela `galerias_fotos`
--

CREATE TABLE `galerias_fotos` (
  `id` int(11) NOT NULL,
  `id_galeria` int(11) NOT NULL,
  `foto` varchar(255) COLLATE utf8_unicode_ci NOT NULL,
  `descricao` varchar(250) COLLATE utf8_unicode_ci NOT NULL,
  `data` varchar(20) COLLATE utf8_unicode_ci NOT NULL
) ENGINE=MyISAM DEFAULT CHARSET=utf8 COLLATE=utf8_unicode_ci;

--
-- Extraindo dados da tabela `galerias_fotos`
--

INSERT INTO `galerias_fotos` (`id`, `id_galeria`, `foto`, `descricao`, `data`) VALUES
(1, 2, 'a8de34896babece5fffb92d09231efde.jpg', '', '15/10/2016 02:09:52'),
(2, 2, 'bef2db2cd545259cacb2791aa1baba9d.jpg', '', '15/10/2016 02:09:52'),
(4, 2, '0e0de7bbb6b75d8b87564be616ff0c43.jpg', '', '15/10/2016 02:09:52'),
(5, 2, '8a5f3d967923a14c6a754750099ec38f.jpg', '', '15/10/2016 02:09:52'),
(6, 2, '0845b0508dce1fbf9a470e2dd0cd1669.jpg', '', '15/10/2016 02:09:52'),
(7, 2, '0d6fadcd7309aff425ce78b99528d95f.jpg', '', '15/10/2016 02:09:52'),
(8, 2, 'a21a1f9b9e6a40add53e25da082c3ad3.jpg', '', '15/10/2016 02:09:52'),
(9, 2, 'b70609ef84eee91854ba7a933ee5f9fb.jpg', '', '15/10/2016 02:11:55'),
(10, 2, '0d15ecedf04a5167a239e9c5b0a971fd.jpg', '', '15/10/2016 02:17:43'),
(11, 1, '88e7d422bb98775f294189d8cb1f200e.jpg', '', '15/10/2016 02:20:11'),
(12, 1, 'cd2a6b542fb940eaf571d7046d89d914.jpg', '', '15/10/2016 02:20:11'),
(13, 1, '5e131d1ceb224e27c415f9d8f5ca4a6c.jpg', '', '15/10/2016 02:20:11'),
(14, 1, '4af0f9633d325dd3882ba9fd96fcdd0b.jpg', '', '15/10/2016 02:20:11'),
(15, 1, '95e0c016eeae37525b0f24135b462bba.jpg', '', '15/10/2016 02:20:11'),
(16, 1, 'cb94bc8077f83d8fd928ecd0d45d7575.jpg', '', '15/10/2016 02:20:11'),
(17, 1, '58f6e4d6e5189d93c2d4805d98c5a7ea.jpg', '', '15/10/2016 02:20:11'),
(18, 1, 'c5df73305d526e9c59de7a345653e70d.jpg', '', '15/10/2016 02:20:22'),
(19, 1, '56d3a8fbdc4f89256b05fde028d39cfc.jpg', '', '15/10/2016 02:20:22'),
(20, 1, 'f81bfaffcb37f1f7b7f3ff8e0ccfcb20.jpg', '', '15/10/2016 02:20:22'),
(21, 1, '701e786712010907f9dfbd1796fd54a3.jpg', '', '15/10/2016 02:20:22'),
(22, 1, 'f36eb3c3122e0cc060be4f54352a0545.jpg', '', '15/10/2016 02:20:22'),
(23, 1, 'e32e896407a027bc1b95e6a5fa59c091.jpg', '', '15/10/2016 02:20:22'),
(24, 1, '35cbcc25bb4196cb9954086717e9ccd8.jpg', '', '15/10/2016 02:20:22'),
(25, 1, '1ee5a7cb27441c22b34d28e5abb9ef62.jpg', '', '15/10/2016 02:20:30'),
(26, 1, '3285e2540ed469b1a08ac8bc12716496.jpg', '', '15/10/2016 02:20:30'),
(27, 1, '7e01fd5db2a4a3c7d2432e432bd81426.jpg', '', '15/10/2016 02:20:30'),
(28, 1, '065d92c4cd74fcb2f807a6e6f07f07ff.jpg', '', '15/10/2016 02:20:30'),
(29, 1, '609a12ef18a3ddec99278c437058775e.jpg', '', '15/10/2016 02:20:30'),
(30, 1, '54f521aa5276d7dbf9915576bfa72158.jpg', '', '15/10/2016 02:20:30'),
(31, 1, '5154d34201e7145c06dc6cf225af2968.jpg', '', '15/10/2016 02:20:30'),
(32, 1, '1d6752dac02c9ca319da9da665510ecc.jpg', '', '15/10/2016 02:20:41'),
(33, 1, 'c4df0170183b938007a9538fdc865d52.jpg', '', '15/10/2016 02:20:41'),
(34, 1, 'b05ac36ecc103426769412ea40c3d796.jpg', '', '15/10/2016 02:20:41'),
(35, 1, '26cf3ebc4cc23a3598f5e2b8f961a29e.jpg', '', '15/10/2016 02:20:41'),
(36, 1, '59293ed391f90370e44bd4b56ab5ca39.jpg', '', '15/10/2016 02:20:41'),
(37, 1, 'bfe1cb2be565c45d1b089b4e858e2ca1.jpg', '', '15/10/2016 02:20:41'),
(38, 1, '8665f0d9ca60c2de086e0ce2d212f83b.jpg', '', '15/10/2016 02:20:41'),
(39, 1, 'f20d65125d603fba870bb72ef9c9453a.jpg', '', '15/10/2016 02:20:48'),
(40, 1, '8747c4fc18ad850d50268202ab5c3e20.jpg', 'Paisagem', '15/10/2016 02:20:48'),
(64, 4, '96b84b637d7537193b0a03bd9cbbc1d1.jpg', '', '27/05/2017 15:28:28'),
(65, 4, 'a2aed936eb13488c1a67033b76037ba4.png', '', '27/05/2017 15:28:28'),
(66, 4, '28082754fc3fa7a558bd2320223577e1.jpg', ' Descrição', '27/05/2017 15:28:28'),
(63, 4, '71f6f03b282adf10bdcbff5b2b539ba9.png', '', '27/05/2017 15:28:28');

-- --------------------------------------------------------

--
-- Estrutura da tabela `layout`
--

CREATE TABLE `layout` (
  `id` int(11) NOT NULL,
  `col_a` int(11) NOT NULL,
  `col_b` int(11) NOT NULL,
  `pos_a` int(11) NOT NULL,
  `pos_b` int(11) NOT NULL
) ENGINE=MyISAM DEFAULT CHARSET=utf8 COLLATE=utf8_unicode_ci;

--
-- Extraindo dados da tabela `layout`
--

INSERT INTO `layout` (`id`, `col_a`, `col_b`, `pos_a`, `pos_b`) VALUES
(1, 1, 0, 0, 1);

-- --------------------------------------------------------

--
-- Estrutura da tabela `leitura`
--

CREATE TABLE `leitura` (
  `id` int(11) NOT NULL,
  `config` varchar(255) COLLATE utf8_unicode_ci NOT NULL,
  `op1` int(11) NOT NULL DEFAULT '0',
  `op2` int(11) NOT NULL DEFAULT '0',
  `op3` int(11) NOT NULL DEFAULT '0'
) ENGINE=MyISAM DEFAULT CHARSET=utf8 COLLATE=utf8_unicode_ci;

--
-- Extraindo dados da tabela `leitura`
--

INSERT INTO `leitura` (`id`, `config`, `op1`, `op2`, `op3`) VALUES
(1, 'colunas', 1, 1, 0);

-- --------------------------------------------------------

--
-- Estrutura da tabela `menu_conf`
--

CREATE TABLE `menu_conf` (
  `id` int(11) NOT NULL,
  `ordem_menu` int(11) NOT NULL,
  `barra_menu` int(11) NOT NULL
) ENGINE=MyISAM DEFAULT CHARSET=utf8 COLLATE=utf8_unicode_ci;

--
-- Extraindo dados da tabela `menu_conf`
--

INSERT INTO `menu_conf` (`id`, `ordem_menu`, `barra_menu`) VALUES
(1, 0, 1);

-- --------------------------------------------------------

--
-- Estrutura da tabela `paginas`
--

CREATE TABLE `paginas` (
  `id` int(11) NOT NULL,
  `nome` varchar(255) COLLATE utf8_unicode_ci NOT NULL,
  `nome_url` varchar(255) COLLATE utf8_unicode_ci NOT NULL,
  `conteudo` longtext COLLATE utf8_unicode_ci NOT NULL,
  `imagem` varchar(255) COLLATE utf8_unicode_ci NOT NULL,
  `autor` varchar(255) COLLATE utf8_unicode_ci NOT NULL,
  `data` varchar(10) COLLATE utf8_unicode_ci NOT NULL,
  `status` int(11) NOT NULL,
  `parente` int(11) NOT NULL DEFAULT '0',
  `first` int(11) NOT NULL DEFAULT '0',
  `post` int(11) NOT NULL DEFAULT '0',
  `categ` int(11) NOT NULL DEFAULT '0',
  `menu` int(11) NOT NULL DEFAULT '0',
  `ordem` int(11) NOT NULL DEFAULT '0',
  `col_custon` int(11) NOT NULL DEFAULT '0',
  `col_a` int(11) NOT NULL DEFAULT '0',
  `col_b` int(11) NOT NULL DEFAULT '0',
  `pos_a` int(11) NOT NULL DEFAULT '0',
  `pos_b` int(11) NOT NULL DEFAULT '0'
) ENGINE=InnoDB DEFAULT CHARSET=utf8 COLLATE=utf8_unicode_ci;

--
-- Extraindo dados da tabela `paginas`
--

INSERT INTO `paginas` (`id`, `nome`, `nome_url`, `conteudo`, `imagem`, `autor`, `data`, `status`, `parente`, `first`, `post`, `categ`, `menu`, `ordem`, `col_custon`, `col_a`, `col_b`, `pos_a`, `pos_b`) VALUES
(1, 'Inicio', 'inicio', '<p style="text-align: justify;"><span class="example1"><strong>Ao</strong> contr&aacute;rio do que se acredita, Lorem Ipsum n&atilde;o &eacute; simplesmente um texto rand&ocirc;mico. Com mais de 2000 anos, suas ra&iacute;zes podem ser encontradas em uma obra de li</span>teratura latina cl&aacute;ssica datada de 45 AC. Richard McClintock, um professor de latim do Hampden-Sydney College na Virginia, pesquisou uma das mais obscuras palavras em latim, consectetur, oriunda de uma passagem de Lorem Ipsum, e, procurando por entre cita&ccedil;&otilde;es da palavra na literatura cl&aacute;ssica, descobriu a sua indubit&aacute;vel origem.</p>\r\n<p style="text-align: justify;">Lorem Ipsum vem das se&ccedil;&otilde;es 1.10.32 e 1.10.33 do "de Finibus Bonorum et Malorum" (Os Extremos do Bem e do Mal), de C&iacute;cero, escrito em 45 AC. Este livro &eacute; um tratado de teoria da &eacute;tica muito popular na &eacute;poca da Renascen&ccedil;a. A primeira linha de Lorem Ipsum, "Lorem Ipsum dolor sit amet..." vem de uma linha na se&ccedil;&atilde;o 1.10.32.</p>\r\n<p style="text-align: justify;">O trecho padr&atilde;o original de Lorem Ipsum, usado desde o s&eacute;culo XVI, est&aacute; reproduzido abaixo para os interessados. Se&ccedil;&otilde;es 1.10.32 e 1.10.33 de "de Finibus Bonorum et Malorum" de Cicero tamb&eacute;m foram reproduzidas abaixo em sua forma exata original, acompanhada das vers&otilde;es para o ingl&ecirc;s da tradu&ccedil;&atilde;o feita por H. Rackham em 1914.</p>\r\n<p style="text-align: justify;">Vestibulum facilisis metus ut quam gravida, sit amet fringilla risus laoreet. Quisque blandit elementum augue ac vulputate. Vestibulum pharetra volutpat ante ac lacinia. Morbi ipsum dui, congue eget lorem et, lacinia interdum leo. Etiam quis sapien sit amet orci commodo accumsan at id lectus. Maecenas quis est faucibus, pulvinar nisi ac, tincidunt massa. Quisque non nunc in nulla luctus tristique ac id arcu. Vivamus blandit justo et dignissim eleifend. Fusce vel enim non mauris iaculis ultricies. Duis ullamcorper fermentum erat pellentesque porttitor. Donec sed mollis lacus. Vestibulum blandit luctus nulla, vitae vestibulum urna bibendum sit amet. Vestibulum nec efficitur massa. Nam sit amet leo lectus. Praesent elementum volutpat justo, non mollis tellus interdum vitae. Aenean mollis cursus massa, sed semper elit gravida a.</p>', '217cffdc257bbdce309f1bcdba5db2e1.jpg', 'Admin', '10/06/2017', 1, 0, 1, 0, 0, 1, 1, 1, 0, 0, 0, 0),
(3, 'Sobre Nós', 'sobre-nos', '<p style="text-align: justify;">Lorem Ipsum &eacute; simplesmente uma simula&ccedil;&atilde;o de texto da ind&uacute;stria tipogr&aacute;fica e de impressos, e vem sendo utilizado desde o s&eacute;culo XVI, quando um impressor desconhecido pegou uma bandeja de tipos e os embaralhou para fazer um livro de modelos de tipos. Lorem Ipsum sobreviveu n&atilde;o s&oacute; a cinco s&eacute;culos, como tamb&eacute;m ao salto para a editora&ccedil;&atilde;o eletr&ocirc;nica, permanecendo essencialmente inalterado. Se popularizou na d&eacute;cada de 60, quando a Letraset lan&ccedil;ou decalques contendo passagens de Lorem Ipsum, e mais recentemente quando passou a ser integrado a softwares de editora&ccedil;&atilde;o eletr&ocirc;nica como Aldus PageMaker.</p>', '08abd0610f98587c706b6c1786e3c45f.jpg', 'Admin', '07/10/2016', 1, 0, 0, 0, 0, 1, 3, 0, 0, 0, 0, 0),
(4, 'Noticias', 'noticias', '<p>Existem muitas varia&ccedil;&otilde;es dispon&iacute;veis de passagens de Lorem Ipsum, mas a maioria sofreu algum tipo de altera&ccedil;&atilde;o, seja por inser&ccedil;&atilde;o de passagens com humor, ou palavras aleat&oacute;rias que n&atilde;o parecem nem um pouco convincentes.</p>', '', 'Admin', '15/07/2017', 1, 0, 0, 1, 0, 1, 2, 1, 0, 1, 0, 1),
(5, 'Contato', 'contato', '<p style="text-align: justify;">&Eacute; um fato conhecido de todos que um leitor se distrair&aacute; com o conte&uacute;do de texto leg&iacute;vel de uma p&aacute;gina quando estiver examinando sua diagrama&ccedil;&atilde;o. A vantagem de usar Lorem Ipsum &eacute; que ele tem uma distribui&ccedil;&atilde;o normal de letras, ao contr&aacute;rio de "Conte&uacute;do aqui, conte&uacute;do aqui", fazendo com que ele tenha uma apar&ecirc;ncia similar a de um texto leg&iacute;vel.</p>', '99e635e22986f17792d42a47434b2335.jpg', 'Admin', '19/06/2017', 1, 0, 0, 0, 0, 1, 4, 0, 0, 0, 0, 0),
(6, 'Mais Contatos', 'mais-contatos', '<p style="text-align: justify;">Fusce posuere tortor dictum ipsum ullamcorper, vitae pharetra sapien ultricies. Proin placerat enim sapien, ac accumsan lectus congue non. Fusce mattis vestibulum enim eget posuere. Maecenas sodales tellus arcu, at ultrices turpis malesuada ac. Suspendisse magna leo, tempus id porttitor eu, tincidunt ut lectus. Nam mollis rutrum urna, eget viverra dolor convallis at. Proin sit amet varius metus, a rhoncus lacus. Pellentesque habitant morbi tristique senectus et netus et malesuada fames ac turpis egestas. Integer ultricies, tortor eu molestie rhoncus, nisi dui maximus diam, eu sodales justo sapien egestas metus. Vestibulum sit amet pulvinar nulla. In hac habitasse platea dictumst. Interdum et malesuada fames ac ante ipsum primis in faucibus. Praesent at libero non lorem vehicula imperdiet a in mauris. Aliquam auctor elit sed fermentum condimentum. In hac habitasse platea dictumst. Suspendisse eget pretium magna.</p>\r\n<p style="text-align: justify;">Donec maximus rhoncus purus, vel accumsan tortor tempor non. Duis quam neque, commodo sed consectetur non, tempor vel sapien. Vivamus egestas enim mauris, a convallis massa ultricies quis. Nunc libero ipsum, pellentesque ut libero sed, cursus porta lacus. Nam at tellus a ipsum cursus ornare. Donec imperdiet urna sapien, sit amet egestas metus gravida in. Fusce non rhoncus lorem. Mauris suscipit accumsan mi, sed semper risus mattis eu. Nulla lobortis pharetra odio eget suscipit. Mauris ut ultricies ipsum. Quisque ut sapien ut sapien ultricies varius id sit amet felis. Sed tempus, purus ac vehicula consequat, augue erat auctor odio, sed commodo eros magna in tortor.</p>\r\n<p style="text-align: justify;">Vestibulum convallis molestie accumsan. Quisque pharetra metus magna, vestibulum imperdiet neque sagittis id. Proin eu est vitae metus efficitur interdum. Nulla felis tellus, pulvinar at tempus eget, semper eget lorem. Aliquam nisl sapien, sodales non diam id, vehicula ornare nibh. Duis commodo enim nec ligula vestibulum hendrerit. Ut id tellus a odio sollicitudin dictum et maximus diam. Etiam ut aliquet mi. Nulla efficitur justo eu blandit dapibus. Ut mauris elit, posuere nec lectus non, ultricies euismod ex.&nbsp;Phasellus laoreet interdum risus, sed cursus nisi eleifend eget. Mauris finibus pellentesque consequat. Duis eleifend justo metus, ac lacinia libero porta at. Maecenas nec neque et ex pellentesque feugiat et in erat. Ut a bibendum nunc. Fusce consectetur, turpis eget commodo ornare, nulla lorem tincidunt quam, et molestie erat libero ultricies felis. Nulla id suscipit sem, eu scelerisque lectus.</p>\r\n<p style="text-align: justify;">Phasellus commodo mauris vel arcu accumsan, at mollis neque lacinia. Donec sed dui non ipsum sodales consequat. Vivamus vel metus nec justo gravida mollis. Vestibulum auctor non ipsum nec mollis. Etiam suscipit rhoncus quam at fringilla. Sed eget mattis tortor. Proin maximus dui lectus, vel auctor elit convallis nec. Nunc varius sem ex, id eleifend urna luctus a. Vestibulum vitae iaculis metus. Aenean at quam tellus. Praesent condimentum convallis elit, sit amet ultrices ante scelerisque nec. Quisque ex libero, faucibus id eros sed, lacinia tempor lacus.</p>', '5108803cc72701fee1a509cda9b06cb9.jpg', 'Admin', '07/10/2016', 1, 5, 0, 0, 0, 0, 0, 0, 0, 0, 0, 0),
(7, 'Documentos', 'documentos', '<p style="text-align: justify;">Ao contr&aacute;rio do que se acredita, Lorem Ipsum n&atilde;o &eacute; simplesmente um texto rand&ocirc;mico. Com mais de 2000 anos, suas ra&iacute;zes podem ser encontradas em uma obra de literatura latina cl&aacute;ssica datada de 45 AC. Richard McClintock, um professor de latim do Hampden-Sydney College na Virginia, pesquisou uma das mais obscuras palavras em latim, consectetur, oriunda de uma passagem de Lorem Ipsum, e, procurando por entre cita&ccedil;&otilde;es da palavra na literatura cl&aacute;ssica, descobriu a sua indubit&aacute;vel origem.</p>\r\n<p style="text-align: justify;">Lorem Ipsum vem das se&ccedil;&otilde;es 1.10.32 e 1.10.33 do "de Finibus Bonorum et Malorum" (Os Extremos do Bem e do Mal), de C&iacute;cero, escrito em 45 AC. Este livro &eacute; um tratado de teoria da &eacute;tica muito popular na &eacute;poca da Renascen&ccedil;a. A primeira linha de Lorem Ipsum, "Lorem Ipsum dolor sit amet..." vem de uma linha na se&ccedil;&atilde;o 1.10.32.</p>\r\n<p style="text-align: justify;">O trecho padr&atilde;o original de Lorem Ipsum, usado desde o s&eacute;culo XVI, est&aacute; reproduzido abaixo para os interessados. Se&ccedil;&otilde;es 1.10.32 e 1.10.33 de "de Finibus Bonorum et Malorum" de Cicero tamb&eacute;m foram reproduzidas abaixo em sua forma exata original, acompanhada das vers&otilde;es para o ingl&ecirc;s da tradu&ccedil;&atilde;o feita por H. Rackham em 1914.</p>', '3ce6989f826bf912c5af106ad4b1bb4b.jpg', 'Admin', '07/10/2016', 1, 0, 0, 0, 0, 1, 6, 0, 0, 0, 0, 0),
(8, 'Teste De Colunas', 'teste-de-colunas', '<p style="text-align: justify;">Vestibulum facilisis metus ut quam gravida, sit amet fringilla risus laoreet. Quisque blandit elementum augue ac vulputate. Vestibulum pharetra volutpat ante ac lacinia. Morbi ipsum dui, congue eget lorem et, lacinia interdum leo. Etiam quis sapien sit amet orci commodo accumsan at id lectus. Maecenas quis est faucibus, pulvinar nisi ac, tincidunt massa. Quisque non nunc in nulla luctus tristique ac id arcu. Vivamus blandit justo et dignissim eleifend. Fusce vel enim non mauris iaculis ultricies. Duis ullamcorper fermentum erat pellentesque porttitor. Donec sed mollis lacus. Vestibulum blandit luctus nulla, vitae vestibulum urna bibendum sit amet. Vestibulum nec efficitur massa. Nam sit amet leo lectus. Praesent elementum volutpat justo, non mollis tellus interdum vitae. Aenean mollis cursus massa, sed semper elit gravida a.</p>\r\n<p style="text-align: justify;">Vestibulum facilisis metus ut quam gravida, sit amet fringilla risus laoreet. Quisque blandit elementum augue ac vulputate. Vestibulum pharetra volutpat ante ac lacinia. Morbi ipsum dui, congue eget lorem et, lacinia interdum leo. Etiam quis sapien sit amet orci commodo accumsan at id lectus. Maecenas quis est faucibus, pulvinar nisi ac, tincidunt massa. Quisque non nunc in nulla luctus tristique ac id arcu. Vivamus blandit justo et dignissim eleifend. Fusce vel enim non mauris iaculis ultricies. Duis ullamcorper fermentum erat pellentesque porttitor. Donec sed mollis lacus. Vestibulum blandit luctus nulla, vitae vestibulum urna bibendum sit amet. Vestibulum nec efficitur massa. Nam sit amet leo lectus. Praesent elementum volutpat justo, non mollis tellus interdum vitae. Aenean mollis cursus massa, sed semper elit gravida a.</p>', '', 'Rhafaew', '07/10/2016', 1, 0, 0, 0, 0, 0, 0, 0, 0, 0, 0, 0),
(9, 'Categorias', 'categorias', '<p>Aqui lista as categorias.</p>', '', 'Admin', '20/10/2016', 1, 0, 0, 0, 1, 1, 5, 0, 0, 0, 0, 0),
(10, 'Contato Local', 'contato-local', '<p>local no mapa do contato.</p>', '', 'Admin', '17/06/2017', 1, 5, 0, 0, 0, 0, 0, 0, 1, 0, 0, 1),
(11, 'Template Custom', 'template-custom', '<h5>Titulo Principal <small>Sub Titulo</small></h5>\r\n<p style="text-align: justify;"><img class="responsive-img" style="float: right; margin: 5px 0px 5px 10px;" src="../../../assets/upload/imagens/3aea382983595068ecd838063201d040.png" width="320" height="177" />Sed tristique nisl ex. In sed elementum nulla, nec consectetur est. Donec rhoncus nibh mi, ac elementum ex euismod nec.&nbsp;Vestibulum in augue ac purus pulvinar aliquam ut sit amet enim. Sed rutrum leo erat, eget luctus ipsum pulvinar nec. Nam viverra faucibus ultrices. Curabitur elementum congue risus. Nullam at laoreet leo, quis congue elit. Quisque volutpat purus tortor, vitae elementum enim auctor sed. Aliquam mattis, risus non porttitor lobortis, lorem lacus sodales est, in maximus felis felis ac justo. Aliquam porttitor neque facilisis pellentesque sodales. Proin eu lectus in dolor finibus convallis in non felis. Nam tristique laoreet dui, nec facilisis lorem tempor id. Donec lacinia ante eu sodales egestas. In blandit volutpat ex nec faucibus. Sed tristique nisl ex. In sed elementum nulla, nec consectetur est. Donec rhoncus nibh mi, ac elementum ex euismod nec. Vestibulum in augue ac purus pulvinar aliquam ut sit amet enim. Sed rutrum leo erat, eget luctus ipsum pulvinar nec. Nam viverra faucibus ultrices. Curabitur elementum congue risus. Nullam at laoreet leo, quis congue elit. Quisque volutpat purus tortor, vitae elementum enim auctor sed. Aliquam mattis, risus non porttitor lobortis, lorem lacus sodales est, in maximus felis felis ac justo. Aliquam porttitor neque facilisis pellentesque sodales. Proin eu lectus in dolor finibus convallis in non felis. Nam tristique laoreet dui, nec facilisis lorem tempor id. Donec lacinia ante eu sodales egestas. In blandit volutpat ex nec faucibus.Sed tristique nisl ex. In sed elementum nulla, nec consectetur est. Donec rhoncus nibh mi, ac elementum ex euismod nec. Vestibulum in augue ac purus pulvinar aliquam ut sit amet enim. Sed rutrum leo erat, eget luctus ipsum pulvinar nec. Nam viverra faucibus ultrices. Curabitur elementum congue risus.</p>\r\n<p style="text-align: justify;"><img class="responsive-img" style="float: left; margin: 5px 10px 5px 0px;" src="../../../assets/upload/imagens/3aea382983595068ecd838063201d040.png" width="320" height="177" />Nam viverra faucibus ultrices. Curabitur elementum congue risus. Nullam at laoreet leo, quis congue elit. Quisque volutpat purus tortor, vitae elementum enim auctor sed. Aliquam mattis, risus non porttitor lobortis, lorem lacus sodales est, in maximus felis felis ac justo. Aliquam porttitor neque facilisis pellentesque sodales. Proin eu lectus in dolor finibus convallis in non felis. Nam tristique laoreet dui, nec facilisis lorem tempor id. Donec lacinia ante eu sodales egestas. In blandit volutpat ex nec faucibus. Sed tristique nisl ex. In sed elementum nulla, nec consectetur est. Donec rhoncus nibh mi, ac elementum ex euismod nec. Vestibulum in augue ac purus pulvinar aliquam ut sit amet enim. Sed rutrum leo erat, eget luctus ipsum pulvinar nec. Nam viverra faucibus ultrices. Curabitur elementum congue risus. Nullam at laoreet leo, quis congue elit. Quisque volutpat purus tortor, vitae elementum enim auctor sed. Aliquam mattis, risus non porttitor lobortis, lorem lacus sodales est, in maximus felis felis ac justo. Aliquam porttitor neque facilisis pellentesque sodales. Proin eu lectus in dolor finibus convallis in non felis. Nam tristique laoreet dui, nec facilisis lorem tempor id. Donec lacinia ante eu sodales egestas. In blandit volutpat ex nec faucibus.&nbsp;Sed tristique nisl ex. In sed elementum nulla, nec consectetur est. Donec rhoncus nibh mi, ac elementum ex euismod nec. Vestibulum in augue ac purus pulvinar aliquam ut sit amet enim. Sed rutrum leo erat, eget luctus ipsum pulvinar nec. Nam viverra faucibus ultrices. Curabitur elementum congue risus. Nullam at laoreet leo, quis congue elit. Quisque volutpat purus tortor, vitae elementum enim auctor sed. Aliquam mattis, risus non porttitor lobortis, lorem lacus sodales est, in maximus felis felis ac justo. Aliquam porttitor neque facilisis pellentesque sodales. Proin eu lectus in dolor finibus convallis in non felis. Nam tristique laoreet dui, nec facilisis lorem tempor id. Donec lacinia ante eu sodales egestas. In blandit volutpat ex nec faucibus.</p>', '', 'Admin', '20/06/2017', 1, 0, 0, 0, 0, 1, 7, 0, 1, 0, 0, 1);

-- --------------------------------------------------------

--
-- Estrutura da tabela `site_info`
--

CREATE TABLE `site_info` (
  `id` int(11) NOT NULL,
  `titulo` varchar(200) COLLATE utf8_unicode_ci NOT NULL,
  `url` varchar(255) COLLATE utf8_unicode_ci NOT NULL,
  `description` text COLLATE utf8_unicode_ci NOT NULL,
  `keywords` text COLLATE utf8_unicode_ci NOT NULL,
  `favicon` varchar(255) COLLATE utf8_unicode_ci NOT NULL
) ENGINE=MyISAM DEFAULT CHARSET=utf8 COLLATE=utf8_unicode_ci;

--
-- Extraindo dados da tabela `site_info`
--

INSERT INTO `site_info` (`id`, `titulo`, `url`, `description`, `keywords`, `favicon`) VALUES
(1, 'Notícias Online', 'http://cmsbasic.com', 'The metaphor of material defines the relationship between space and motion. The idea is that the technology is inspired by paper and ink and is utilized to facilitate creativity and innovation.', 'noticias online, site, mobile, tags, novo site', 'favicon.png');

-- --------------------------------------------------------

--
-- Estrutura da tabela `slider`
--

CREATE TABLE `slider` (
  `destaque` int(11) NOT NULL,
  `ordem` int(11) NOT NULL
) ENGINE=MyISAM DEFAULT CHARSET=utf8 COLLATE=utf8_unicode_ci;

--
-- Extraindo dados da tabela `slider`
--

INSERT INTO `slider` (`destaque`, `ordem`) VALUES
(25, 0),
(30, 0),
(33, 0),
(35, 0),
(36, 0);

-- --------------------------------------------------------

--
-- Estrutura da tabela `slider_config`
--

CREATE TABLE `slider_config` (
  `quantidade` int(11) NOT NULL DEFAULT '0',
  `ultimos` int(11) NOT NULL DEFAULT '0'
) ENGINE=MyISAM DEFAULT CHARSET=utf8 COLLATE=utf8_unicode_ci;

-- --------------------------------------------------------

--
-- Estrutura da tabela `usuarios`
--

CREATE TABLE `usuarios` (
  `id` int(11) NOT NULL,
  `nome` varchar(255) COLLATE utf8_unicode_ci NOT NULL,
  `nickname` varchar(255) COLLATE utf8_unicode_ci NOT NULL,
  `senha` varchar(255) COLLATE utf8_unicode_ci NOT NULL,
  `sobre` text COLLATE utf8_unicode_ci NOT NULL,
  `data` varchar(10) COLLATE utf8_unicode_ci NOT NULL,
  `foto` varchar(255) COLLATE utf8_unicode_ci NOT NULL,
  `email` varchar(255) COLLATE utf8_unicode_ci NOT NULL,
  `fone` varchar(255) COLLATE utf8_unicode_ci NOT NULL,
  `nivel` int(11) NOT NULL DEFAULT '0',
  `status` int(11) NOT NULL DEFAULT '0'
) ENGINE=MyISAM DEFAULT CHARSET=utf8 COLLATE=utf8_unicode_ci;

--
-- Extraindo dados da tabela `usuarios`
--

INSERT INTO `usuarios` (`id`, `nome`, `nickname`, `senha`, `sobre`, `data`, `foto`, `email`, `fone`, `nivel`, `status`) VALUES
(2, 'Rafael Barreto Andrade', 'Rhafaew', '18a59db1edb64d3489fde880b8642b4f', 'Nulla libero libero, finibus vitae rhoncus at, tempus eget nibh. Pellentesque dui augue, posuere ut accumsan non, consectetur a purus. Interdum et malesuada fames ac ante ipsum primis in faucibus. Quisque malesuada malesuada felis, eu aliquet massa iaculis ac. Cras tincidunt, nunc a pellentesque blandit, felis ex tincidunt eros, fermentum suscipit lorem dui id felis. Etiam vel vulputate libero. Fusce eget turpis nisl.', '', 'c4ebc255b61f505c0e3c682e5a91bebf.JPG', 'fael_karate_gojuryu@hotmail.com', '69-993017086', 0, 1),
(3, 'Gabriela Andrade', 'Gaby', 'c6f057b86584942e415435ffb1fa93d4', 'Sobre', '', '', 'gabi@hotmail.com', '69-992504030', 0, 1),
(1, 'Rafael Andrade', 'Admin', '18a59db1edb64d3489fde880b8642b4f', 'O trecho padrão original de Lorem Ipsum, usado desde o século XVI, está reproduzido abaixo para os interessados. Seções 1.10.32 e 1.10.33 de &#34;de Finibus Bonorum et Malorum&#34; de Cicero também foram reproduzidas abaixo em sua forma exata original, acompanhada das versões para o inglês da tradução feita por H. Rackham em 1914.', '18/11/1989', 'b22f3f1f4b7f05794089bbcdc2fb5549.jpg', 'user@cmsbasic.com', '69-900112233', 1, 1);

-- --------------------------------------------------------

--
-- Estrutura da tabela `videos`
--

CREATE TABLE `videos` (
  `id` int(11) NOT NULL,
  `titulo` varchar(255) COLLATE utf8_unicode_ci NOT NULL,
  `link` varchar(255) COLLATE utf8_unicode_ci NOT NULL
) ENGINE=MyISAM DEFAULT CHARSET=utf8 COLLATE=utf8_unicode_ci;

--
-- Extraindo dados da tabela `videos`
--

INSERT INTO `videos` (`id`, `titulo`, `link`) VALUES
(1, '', '5gDjYPSlnAE'),
(2, '', 'HLbLg2FVQ68'),
(3, '', '-KTIswXkBPw'),
(4, '', 'MLi6OWFWYmc');

--
-- Indexes for dumped tables
--

--
-- Indexes for table `blocos`
--
ALTER TABLE `blocos`
  ADD PRIMARY KEY (`id`);

--
-- Indexes for table `categorias`
--
ALTER TABLE `categorias`
  ADD PRIMARY KEY (`id`);

--
-- Indexes for table `conteudo`
--
ALTER TABLE `conteudo`
  ADD PRIMARY KEY (`id`);

--
-- Indexes for table `galerias`
--
ALTER TABLE `galerias`
  ADD PRIMARY KEY (`id`);

--
-- Indexes for table `galerias_fotos`
--
ALTER TABLE `galerias_fotos`
  ADD PRIMARY KEY (`id`);

--
-- Indexes for table `layout`
--
ALTER TABLE `layout`
  ADD PRIMARY KEY (`id`);

--
-- Indexes for table `leitura`
--
ALTER TABLE `leitura`
  ADD PRIMARY KEY (`id`);

--
-- Indexes for table `menu_conf`
--
ALTER TABLE `menu_conf`
  ADD PRIMARY KEY (`id`);

--
-- Indexes for table `paginas`
--
ALTER TABLE `paginas`
  ADD PRIMARY KEY (`id`);

--
-- Indexes for table `site_info`
--
ALTER TABLE `site_info`
  ADD PRIMARY KEY (`id`);

--
-- Indexes for table `usuarios`
--
ALTER TABLE `usuarios`
  ADD PRIMARY KEY (`id`);

--
-- Indexes for table `videos`
--
ALTER TABLE `videos`
  ADD PRIMARY KEY (`id`);

--
-- AUTO_INCREMENT for dumped tables
--

--
-- AUTO_INCREMENT for table `blocos`
--
ALTER TABLE `blocos`
  MODIFY `id` int(11) NOT NULL AUTO_INCREMENT, AUTO_INCREMENT=19;
--
-- AUTO_INCREMENT for table `categorias`
--
ALTER TABLE `categorias`
  MODIFY `id` int(11) NOT NULL AUTO_INCREMENT, AUTO_INCREMENT=15;
--
-- AUTO_INCREMENT for table `conteudo`
--
ALTER TABLE `conteudo`
  MODIFY `id` int(11) NOT NULL AUTO_INCREMENT, AUTO_INCREMENT=42;
--
-- AUTO_INCREMENT for table `galerias`
--
ALTER TABLE `galerias`
  MODIFY `id` int(11) NOT NULL AUTO_INCREMENT, AUTO_INCREMENT=6;
--
-- AUTO_INCREMENT for table `galerias_fotos`
--
ALTER TABLE `galerias_fotos`
  MODIFY `id` int(11) NOT NULL AUTO_INCREMENT, AUTO_INCREMENT=71;
--
-- AUTO_INCREMENT for table `layout`
--
ALTER TABLE `layout`
  MODIFY `id` int(11) NOT NULL AUTO_INCREMENT, AUTO_INCREMENT=2;
--
-- AUTO_INCREMENT for table `leitura`
--
ALTER TABLE `leitura`
  MODIFY `id` int(11) NOT NULL AUTO_INCREMENT, AUTO_INCREMENT=2;
--
-- AUTO_INCREMENT for table `menu_conf`
--
ALTER TABLE `menu_conf`
  MODIFY `id` int(11) NOT NULL AUTO_INCREMENT, AUTO_INCREMENT=2;
--
-- AUTO_INCREMENT for table `paginas`
--
ALTER TABLE `paginas`
  MODIFY `id` int(11) NOT NULL AUTO_INCREMENT, AUTO_INCREMENT=12;
--
-- AUTO_INCREMENT for table `usuarios`
--
ALTER TABLE `usuarios`
  MODIFY `id` int(11) NOT NULL AUTO_INCREMENT, AUTO_INCREMENT=4;
--
-- AUTO_INCREMENT for table `videos`
--
ALTER TABLE `videos`
  MODIFY `id` int(11) NOT NULL AUTO_INCREMENT, AUTO_INCREMENT=5;
/*!40101 SET CHARACTER_SET_CLIENT=@OLD_CHARACTER_SET_CLIENT */;
/*!40101 SET CHARACTER_SET_RESULTS=@OLD_CHARACTER_SET_RESULTS */;
/*!40101 SET COLLATION_CONNECTION=@OLD_COLLATION_CONNECTION */;
